transaction_id,timestamp,amount,declared_instrument,sub_instrument,card_bin,card_tier,mcc,merchant_true_category,tax_amount_provided,po_code_provided,line_item_detail_provided,contracted_flat_rate,fee_charged,tax_charged,turnover_tier,injected_issue,classification,matched_rule_id,expected_fee,fee_charged.1,delta,note,explanation
TXN_000001,2026-08-17 22:03:55,2959.02,Card,RuPay_debit,607222.0,corporate,5045,B2B wholesale,True,True,False,0.02,0.0,0.0,above_20L,clean,Matched,R2,0.0,0.0,0.0,Accurate fee verified against R2.,"Compliant transaction of Rs 2,959.02. Billed fee matches statutory rate schedule."
TXN_000002,2026-08-27 07:31:18,47477.18,UPI,bank_UPI,,,5045,B2B wholesale,True,True,True,0.02,0.0,0.0,above_20L,clean,Matched,R1,0.0,0.0,0.0,Accurate fee verified against R1.,"Compliant transaction of Rs 47,477.18. Billed fee matches statutory rate schedule."
TXN_000003,2026-08-29 15:27:59,2007.42,UPI,bank_UPI,,,5045,B2B wholesale,True,True,False,0.02,0.0,0.0,above_20L,clean,Matched,R1,0.0,0.0,0.0,Accurate fee verified against R1.,"Compliant transaction of Rs 2,007.42. Billed fee matches statutory rate schedule."
TXN_000004,2026-08-26 20:50:25,2005.33,UPI,PPI_wallet_UPI,,,5045,B2B wholesale,True,True,False,0.02,22.06,3.97,above_20L,clean,Matched,R6c,22.06,22.06,0.0,Accurate fee verified against R6c.,"Compliant transaction of Rs 2,005.33. Billed fee matches statutory rate schedule."
TXN_000005,2026-08-29 19:57:07,6491.16,Card,Debit_non_rupay,,,5411,B2B wholesale,True,True,False,0.02,58.42,10.52,above_20L,R12_mcc_misclassification,Matched,R8,58.42,58.42,0.0,Accurate fee verified against R8.,"Compliant transaction of Rs 6,491.16. Billed fee matches statutory rate schedule."
TXN_000006,2026-08-18 11:24:25,43008.18,Card,Mastercard_credit,422222.0,premium_rewards,5045,B2B wholesale,True,True,True,0.02,860.16,154.83,above_20L,clean,Flagged_For_Review,R9,860.16,860.16,0.0,Market credit card rate applied; requires bilateral MSA contract review.,"Credit card transaction of Rs 43,008.18 billed at flat market rate (Rs 860.16). Unverified against statutory caps; requires L2/L3 metadata or IC+ rate schedule."
TXN_000007,2026-08-28 05:24:17,2030.38,UPI,bank_UPI,,,5045,B2B wholesale,True,True,False,0.02,0.0,0.0,above_20L,clean,Matched,R1,0.0,0.0,0.0,Accurate fee verified against R1.,"Compliant transaction of Rs 2,030.38. Billed fee matches statutory rate schedule."
TXN_000008,2026-08-15 22:50:03,2015.85,UPI,bank_UPI,,,5045,B2B wholesale,True,True,False,0.02,0.0,0.0,above_20L,clean,Matched,R1,0.0,0.0,0.0,Accurate fee verified against R1.,"Compliant transaction of Rs 2,015.85. Billed fee matches statutory rate schedule."
TXN_000009,2026-08-16 06:13:10,2012.75,UPI,bank_UPI,,,5045,B2B wholesale,True,True,False,0.02,0.0,0.0,above_20L,clean,Matched,R1,0.0,0.0,0.0,Accurate fee verified against R1.,"Compliant transaction of Rs 2,012.75. Billed fee matches statutory rate schedule."
TXN_000010,2026-08-16 08:16:28,8121.14,Card,RuPay_debit,533333.0,corporate,5045,B2B wholesale,True,True,False,0.02,0.0,0.0,above_20L,clean,Matched,R2,0.0,0.0,0.0,Accurate fee verified against R2.,"Compliant transaction of Rs 8,121.14. Billed fee matches statutory rate schedule."
TXN_000011,2026-08-28 16:17:57,2012.94,UPI,bank_UPI,,,5045,B2B wholesale,True,True,False,0.02,0.0,0.0,above_20L,clean,Matched,R1,0.0,0.0,0.0,Accurate fee verified against R1.,"Compliant transaction of Rs 2,012.94. Billed fee matches statutory rate schedule."
TXN_000012,2026-08-26 21:10:45,2028.69,UPI,bank_UPI,,,5045,B2B wholesale,True,True,False,0.02,0.0,0.0,above_20L,clean,Matched,R1,0.0,0.0,0.0,Accurate fee verified against R1.,"Compliant transaction of Rs 2,028.69. Billed fee matches statutory rate schedule."
TXN_000013,2026-08-25 18:14:40,58991.91,Card,Visa_credit,607111.0,basic,5045,B2B wholesale,True,True,True,0.02,1179.84,212.37,above_20L,clean,Flagged_For_Review,R9,1179.84,1179.84,0.0,Market credit card rate applied; requires bilateral MSA contract review.,"Credit card transaction of Rs 58,991.91 billed at flat market rate (Rs 1,179.84). Unverified against statutory caps; requires L2/L3 metadata or IC+ rate schedule."
TXN_000014,2026-08-27 20:06:42,32588.26,UPI,bank_UPI,,,5411,B2B wholesale,True,True,True,0.02,0.0,0.0,above_20L,R12_mcc_misclassification,Matched,R1,0.0,0.0,0.0,Accurate fee verified against R1.,"Compliant transaction of Rs 32,588.26. Billed fee matches statutory rate schedule."
TXN_000015,2026-08-19 07:13:10,56503.2,Card,Mastercard_credit,511111.0,basic,5045,B2B wholesale,True,True,True,0.02,1130.06,203.41,above_20L,clean,Flagged_For_Review,R9,1130.06,1130.06,0.0,Market credit card rate applied; requires bilateral MSA contract review.,"Credit card transaction of Rs 56,503.20 billed at flat market rate (Rs 1,130.06). Unverified against statutory caps; requires L2/L3 metadata or IC+ rate schedule."
TXN_000016,2026-08-18 05:04:41,2037.33,UPI,bank_UPI,,,5045,B2B wholesale,True,True,False,0.02,0.0,0.0,above_20L,clean,Matched,R1,0.0,0.0,0.0,Accurate fee verified against R1.,"Compliant transaction of Rs 2,037.33. Billed fee matches statutory rate schedule."
TXN_000017,2026-08-30 04:28:03,44783.41,Card,RuPay_debit,533333.0,corporate,5045,B2B wholesale,True,True,True,0.02,0.0,0.0,above_20L,clean,Matched,R2,0.0,0.0,0.0,Accurate fee verified against R2.,"Compliant transaction of Rs 44,783.41. Billed fee matches statutory rate schedule."
TXN_000018,2026-08-25 08:55:39,2027.72,UPI,PPI_wallet_UPI,,,5411,B2B wholesale,True,True,False,0.02,22.3,4.01,above_20L,R12_mcc_misclassification,Leaked,R6b,18.25,22.3,4.05,"Statutory disparity against R6b: expected Rs 18.25, charged Rs 22.30.",Statutory fee overcharge of Rs 4.05 detected under rule R6b. Charged fee of Rs 22.30 exceeds statutory cap/expected fee of Rs 18.25.
TXN_000019,2026-08-21 19:00:38,24635.62,Card,,533333.0,corporate,5045,B2B wholesale,True,True,True,0.02,0.0,0.0,above_20L,exception_missing_tag,Exception,NONE,,0.0,,Missing sub_instrument routing tag; cannot verify applicable statutory MDR.,"Missing sub-instrument routing metadata for transaction of Rs 24,635.62. Fee cannot be verified against statutory caps until gateway provides complete instrument tags."
TXN_000020,2026-08-27 06:56:52,42095.11,UPI,,,,5045,B2B wholesale,True,True,True,0.02,0.0,0.0,above_20L,exception_missing_tag,Exception,NONE,,0.0,,Missing sub_instrument routing tag; cannot verify applicable statutory MDR.,"Missing sub-instrument routing metadata for transaction of Rs 42,095.11. Fee cannot be verified against statutory caps until gateway provides complete instrument tags."
TXN_000021,2026-08-23 16:49:15,3027.33,UPI,bank_UPI,,,5045,B2B wholesale,True,True,False,0.02,0.0,0.0,above_20L,clean,Matched,R1,0.0,0.0,0.0,Accurate fee verified against R1.,"Compliant transaction of Rs 3,027.33. Billed fee matches statutory rate schedule."
TXN_000022,2026-08-29 23:42:16,49473.75,Card,Mastercard_credit,411111.0,basic,5045,B2B wholesale,True,True,True,0.02,989.48,178.11,above_20L,clean,Flagged_For_Review,R9,989.48,989.48,0.0,Market credit card rate applied; requires bilateral MSA contract review.,"Credit card transaction of Rs 49,473.75 billed at flat market rate (Rs 989.48). Unverified against statutory caps; requires L2/L3 metadata or IC+ rate schedule."
TXN_000023,2026-08-23 20:12:11,4257.7,Card,RuPay_debit,522222.0,premium_rewards,5045,B2B wholesale,True,True,False,0.02,0.0,0.0,above_20L,clean,Matched,R2,0.0,0.0,0.0,Accurate fee verified against R2.,"Compliant transaction of Rs 4,257.70. Billed fee matches statutory rate schedule."
TXN_000024,2026-08-26 12:17:20,2784.09,Card,RuPay_debit,522222.0,premium_rewards,5045,B2B wholesale,True,True,False,0.02,0.0,0.0,above_20L,clean,Matched,R2,0.0,0.0,0.0,Accurate fee verified against R2.,"Compliant transaction of Rs 2,784.09. Billed fee matches statutory rate schedule."
TXN_000025,2026-08-23 03:58:15,2028.04,UPI,RuPay_credit_UPI,433333.0,corporate,5411,B2B wholesale,True,True,False,0.02,30.42,5.48,above_20L,R12_mcc_misclassification,Matched,R4,30.42,30.42,0.0,Accurate fee verified against R4.,"Compliant transaction of Rs 2,028.04. Billed fee matches statutory rate schedule."
TXN_000026,2026-08-28 10:32:19,51331.43,UPI,bank_UPI,,,5045,B2B wholesale,True,True,True,0.02,0.0,0.0,above_20L,clean,Matched,R1,0.0,0.0,0.0,Accurate fee verified against R1.,"Compliant transaction of Rs 51,331.43. Billed fee matches statutory rate schedule."
TXN_000027,2026-08-23 06:12:41,58368.94,Card,Visa_credit,607222.0,corporate,5045,B2B wholesale,True,True,True,0.02,1167.38,210.13,above_20L,clean,Flagged_For_Review,R9,1167.38,1167.38,0.0,Market credit card rate applied; requires bilateral MSA contract review.,"Credit card transaction of Rs 58,368.94 billed at flat market rate (Rs 1,167.38). Unverified against statutory caps; requires L2/L3 metadata or IC+ rate schedule."
TXN_000028,2026-08-28 20:04:29,2030.96,UPI,bank_UPI,,,5411,B2B wholesale,True,True,False,0.02,0.0,0.0,above_20L,R12_mcc_misclassification,Matched,R1,0.0,0.0,0.0,Accurate fee verified against R1.,"Compliant transaction of Rs 2,030.96. Billed fee matches statutory rate schedule."
TXN_000029,2026-08-19 01:04:31,2009.94,UPI,bank_UPI,,,5045,B2B wholesale,True,True,False,0.02,0.0,0.0,above_20L,clean,Matched,R1,0.0,0.0,0.0,Accurate fee verified against R1.,"Compliant transaction of Rs 2,009.94. Billed fee matches statutory rate schedule."
TXN_000030,2026-08-29 08:43:46,2017.1,UPI,bank_UPI,,,5045,B2B wholesale,True,True,False,0.02,0.0,0.0,above_20L,clean,Matched,R1,0.0,0.0,0.0,Accurate fee verified against R1.,"Compliant transaction of Rs 2,017.10. Billed fee matches statutory rate schedule."
TXN_000031,2026-08-17 16:59:04,2016.57,UPI,PPI_wallet_UPI,,,5045,B2B wholesale,True,True,False,0.02,22.18,3.99,above_20L,clean,Matched,R6c,22.18,22.18,0.0,Accurate fee verified against R6c.,"Compliant transaction of Rs 2,016.57. Billed fee matches statutory rate schedule."
TXN_000032,2026-08-20 05:00:27,25800.66,UPI,bank_UPI,,,5045,B2B wholesale,True,True,True,0.02,0.0,0.0,above_20L,clean,Matched,R1,0.0,0.0,0.0,Accurate fee verified against R1.,"Compliant transaction of Rs 25,800.66. Billed fee matches statutory rate schedule."
TXN_000033,2026-08-27 02:12:19,2027.27,UPI,bank_UPI,,,5045,B2B wholesale,True,True,False,0.02,0.0,0.0,above_20L,clean,Matched,R1,0.0,0.0,0.0,Accurate fee verified against R1.,"Compliant transaction of Rs 2,027.27. Billed fee matches statutory rate schedule."
TXN_000034,2026-08-26 10:17:24,2004.52,UPI,bank_UPI,,,5045,B2B wholesale,True,True,False,0.02,0.0,0.0,above_20L,clean,Matched,R1,0.0,0.0,0.0,Accurate fee verified against R1.,"Compliant transaction of Rs 2,004.52. Billed fee matches statutory rate schedule."
TXN_000035,2026-08-26 05:01:44,29076.45,UPI,bank_UPI,,,5411,B2B wholesale,True,True,True,0.02,0.0,0.0,above_20L,R12_mcc_misclassification,Matched,R1,0.0,0.0,0.0,Accurate fee verified against R1.,"Compliant transaction of Rs 29,076.45. Billed fee matches statutory rate schedule."
TXN_000036,2026-08-25 05:29:25,2018.48,UPI,PPI_wallet_UPI,,,5045,B2B wholesale,True,True,False,0.02,22.2,4.0,above_20L,clean,Matched,R6c,22.2,22.2,0.0,Accurate fee verified against R6c.,"Compliant transaction of Rs 2,018.48. Billed fee matches statutory rate schedule."
TXN_000037,2026-08-30 03:05:48,2030.29,UPI,bank_UPI,,,5045,B2B wholesale,True,True,False,0.02,0.0,0.0,above_20L,clean,Matched,R1,0.0,0.0,0.0,Accurate fee verified against R1.,"Compliant transaction of Rs 2,030.29. Billed fee matches statutory rate schedule."
TXN_000038,2026-08-19 02:00:37,2004.78,UPI,PPI_wallet_UPI,,,5045,B2B wholesale,True,True,False,0.02,22.05,3.97,above_20L,clean,Matched,R6c,22.05,22.05,0.0,Accurate fee verified against R6c.,"Compliant transaction of Rs 2,004.78. Billed fee matches statutory rate schedule."
TXN_000039,2026-08-19 11:16:04,35478.0,Card,RuPay_debit,511111.0,basic,5045,B2B wholesale,True,True,True,0.02,0.0,0.0,above_20L,clean,Matched,R2,0.0,0.0,0.0,Accurate fee verified against R2.,"Compliant transaction of Rs 35,478.00. Billed fee matches statutory rate schedule."
TXN_000040,2026-08-20 18:16:47,2037.15,UPI,bank_UPI,,,5045,B2B wholesale,True,True,False,0.02,0.0,0.0,above_20L,clean,Matched,R1,0.0,0.0,0.0,Accurate fee verified against R1.,"Compliant transaction of Rs 2,037.15. Billed fee matches statutory rate schedule."
TXN_000041,2026-08-27 20:07:17,40412.18,UPI,bank_UPI,,,5045,B2B wholesale,True,True,True,0.02,0.0,0.0,above_20L,clean,Matched,R1,0.0,0.0,0.0,Accurate fee verified against R1.,"Compliant transaction of Rs 40,412.18. Billed fee matches statutory rate schedule."
TXN_000042,2026-08-19 03:09:44,2037.92,UPI,bank_UPI,,,5045,B2B wholesale,True,True,False,0.02,0.0,0.0,above_20L,clean,Matched,R1,0.0,0.0,0.0,Accurate fee verified against R1.,"Compliant transaction of Rs 2,037.92. Billed fee matches statutory rate schedule."
TXN_000043,2026-08-16 19:51:41,18808.16,Card,Debit_non_rupay,,,5045,B2B wholesale,True,True,True,0.02,169.27,30.47,above_20L,clean,Matched,R8,169.27,169.27,0.0,Accurate fee verified against R8.,"Compliant transaction of Rs 18,808.16. Billed fee matches statutory rate schedule."
TXN_000044,2026-08-17 23:23:07,41981.29,UPI,bank_UPI,,,5045,B2B wholesale,True,True,True,0.02,0.0,0.0,above_20L,clean,Matched,R1,0.0,0.0,0.0,Accurate fee verified against R1.,"Compliant transaction of Rs 41,981.29. Billed fee matches statutory rate schedule."
TXN_000045,2026-08-25 21:34:07,6149.31,UPI,PPI_wallet_UPI,,,5045,B2B wholesale,True,True,False,0.02,67.64,12.18,above_20L,clean,Matched,R6c,67.64,67.64,0.0,Accurate fee verified against R6c.,"Compliant transaction of Rs 6,149.31. Billed fee matches statutory rate schedule."
TXN_000046,2026-08-23 23:30:02,2001.13,UPI,bank_UPI,,,5045,B2B wholesale,True,True,False,0.02,0.0,0.0,above_20L,clean,Matched,R1,0.0,0.0,0.0,Accurate fee verified against R1.,"Compliant transaction of Rs 2,001.13. Billed fee matches statutory rate schedule."
TXN_000047,2026-08-21 06:13:01,2011.75,UPI,bank_UPI,,,5045,B2B wholesale,True,True,False,0.02,0.0,0.0,above_20L,clean,Matched,R1,0.0,0.0,0.0,Accurate fee verified against R1.,"Compliant transaction of Rs 2,011.75. Billed fee matches statutory rate schedule."
TXN_000048,2026-08-19 05:04:28,2007.59,UPI,PPI_wallet_UPI,,,5045,B2B wholesale,True,True,False,0.02,22.08,3.97,above_20L,clean,Matched,R6c,22.08,22.08,0.0,Accurate fee verified against R6c.,"Compliant transaction of Rs 2,007.59. Billed fee matches statutory rate schedule."
TXN_000049,2026-08-20 07:23:00,2013.58,UPI,bank_UPI,,,5045,B2B wholesale,True,True,False,0.02,0.0,0.0,above_20L,clean,Matched,R1,0.0,0.0,0.0,Accurate fee verified against R1.,"Compliant transaction of Rs 2,013.58. Billed fee matches statutory rate schedule."
TXN_000050,2026-08-18 07:27:35,11008.07,Card,,522222.0,premium_rewards,5045,B2B wholesale,True,True,True,0.02,220.16,39.63,above_20L,exception_missing_tag,Exception,NONE,,220.16,,Missing sub_instrument routing tag; cannot verify applicable statutory MDR.,"Missing sub-instrument routing metadata for transaction of Rs 11,008.07. Fee cannot be verified against statutory caps until gateway provides complete instrument tags."
TXN_000051,2026-08-26 10:42:56,40233.89,Card,RuPay_debit,511111.0,basic,5045,B2B wholesale,True,True,True,0.02,0.0,0.0,above_20L,clean,Matched,R2,0.0,0.0,0.0,Accurate fee verified against R2.,"Compliant transaction of Rs 40,233.89. Billed fee matches statutory rate schedule."
TXN_000052,2026-08-17 07:31:44,36096.83,Card,RuPay_debit,607222.0,corporate,5045,B2B wholesale,False,False,True,0.02,288.77,51.98,above_20L,R10_l2_l3_downgrade,Leaked,R10,1010.71,288.77,-721.94,"Statutory disparity against R10: expected Rs 1010.71, charged Rs 288.77.","Statutory fee overcharge of Rs -721.94 detected under rule R10. Charged fee of Rs 288.77 exceeds statutory cap/expected fee of Rs 1,010.71."
TXN_000053,2026-08-16 19:54:03,2015.7,UPI,bank_UPI,,,5045,B2B wholesale,True,True,False,0.02,0.0,0.0,above_20L,clean,Matched,R1,0.0,0.0,0.0,Accurate fee verified against R1.,"Compliant transaction of Rs 2,015.70. Billed fee matches statutory rate schedule."
TXN_000054,2026-08-26 15:34:51,28174.32,UPI,bank_UPI,,,5045,B2B wholesale,True,True,True,0.02,0.0,0.0,above_20L,clean,Matched,R1,0.0,0.0,0.0,Accurate fee verified against R1.,"Compliant transaction of Rs 28,174.32. Billed fee matches statutory rate schedule."
TXN_000055,2026-08-24 01:37:43,2012.24,UPI,bank_UPI,,,5045,B2B wholesale,True,True,False,0.02,0.0,0.0,above_20L,clean,Matched,R1,0.0,0.0,0.0,Accurate fee verified against R1.,"Compliant transaction of Rs 2,012.24. Billed fee matches statutory rate schedule."
TXN_000056,2026-08-15 16:59:40,52173.15,UPI,bank_UPI,,,5045,B2B wholesale,True,True,True,0.02,0.0,0.0,above_20L,clean,Matched,R1,0.0,0.0,0.0,Accurate fee verified against R1.,"Compliant transaction of Rs 52,173.15. Billed fee matches statutory rate schedule."
TXN_000057,2026-08-25 06:05:40,19572.02,Card,RuPay_debit,433333.0,corporate,5045,B2B wholesale,True,True,True,0.02,0.0,0.0,above_20L,clean,Matched,R2,0.0,0.0,0.0,Accurate fee verified against R2.,"Compliant transaction of Rs 19,572.02. Billed fee matches statutory rate schedule."
TXN_000058,2026-08-30 05:21:15,2028.9,UPI,PPI_wallet_UPI,,,5045,B2B wholesale,True,True,False,0.02,22.32,4.02,above_20L,clean,Matched,R6c,22.32,22.32,0.0,Accurate fee verified against R6c.,"Compliant transaction of Rs 2,028.90. Billed fee matches statutory rate schedule."
TXN_000059,2026-08-25 17:37:24,2036.36,UPI,RuPay_credit_UPI,433333.0,corporate,5045,B2B wholesale,True,True,False,0.02,30.55,5.5,above_20L,clean,Matched,R4,30.55,30.55,0.0,Accurate fee verified against R4.,"Compliant transaction of Rs 2,036.36. Billed fee matches statutory rate schedule."
TXN_000060,2026-08-28 03:20:27,2001.43,UPI,RuPay_credit_UPI,533333.0,corporate,5045,B2B wholesale,True,True,False,0.02,30.02,5.4,above_20L,clean,Matched,R4,30.02,30.02,0.0,Accurate fee verified against R4.,"Compliant transaction of Rs 2,001.43. Billed fee matches statutory rate schedule."
TXN_000061,2026-08-16 15:59:47,2010.1,UPI,bank_UPI,,,5411,B2B wholesale,True,True,False,0.02,0.0,0.0,above_20L,R12_mcc_misclassification,Matched,R1,0.0,0.0,0.0,Accurate fee verified against R1.,"Compliant transaction of Rs 2,010.10. Billed fee matches statutory rate schedule."
TXN_000062,2026-08-23 08:56:36,5944.23,UPI,bank_UPI,,,5045,B2B wholesale,True,True,False,0.02,0.0,0.0,above_20L,clean,Matched,R1,0.0,0.0,0.0,Accurate fee verified against R1.,"Compliant transaction of Rs 5,944.23. Billed fee matches statutory rate schedule."
TXN_000063,2026-08-18 09:13:22,2035.74,UPI,RuPay_credit_UPI,533333.0,corporate,5045,B2B wholesale,True,True,False,0.02,30.54,5.5,above_20L,clean,Matched,R4,30.54,30.54,0.0,Accurate fee verified against R4.,"Compliant transaction of Rs 2,035.74. Billed fee matches statutory rate schedule."
TXN_000064,2026-08-25 03:52:45,51358.1,UPI,bank_UPI,,,5045,B2B wholesale,True,True,True,0.02,0.0,0.0,above_20L,clean,Matched,R1,0.0,0.0,0.0,Accurate fee verified against R1.,"Compliant transaction of Rs 51,358.10. Billed fee matches statutory rate schedule."
TXN_000065,2026-08-22 12:47:33,58826.93,Card,Visa_credit,411111.0,basic,5411,B2B wholesale,True,True,True,0.02,1176.54,211.78,above_20L,R12_mcc_misclassification,Flagged_For_Review,R9,1176.54,1176.54,0.0,Market credit card rate applied; requires bilateral MSA contract review.,"Credit card transaction of Rs 58,826.93 billed at flat market rate (Rs 1,176.54). Unverified against statutory caps; requires L2/L3 metadata or IC+ rate schedule."
TXN_000066,2026-08-26 23:52:08,54626.52,Card,RuPay_debit,533333.0,corporate,5045,B2B wholesale,True,True,True,0.02,0.0,0.0,above_20L,clean,Matched,R2,0.0,0.0,0.0,Accurate fee verified against R2.,"Compliant transaction of Rs 54,626.52. Billed fee matches statutory rate schedule."
TXN_000067,2026-08-25 00:35:59,2017.05,UPI,bank_UPI,,,5045,B2B wholesale,True,True,False,0.02,0.0,0.0,above_20L,clean,Matched,R1,0.0,0.0,0.0,Accurate fee verified against R1.,"Compliant transaction of Rs 2,017.05. Billed fee matches statutory rate schedule."
TXN_000068,2026-08-18 06:51:58,6511.28,UPI,,,,5045,B2B wholesale,True,True,False,0.02,0.0,0.0,above_20L,exception_missing_tag,Exception,NONE,,0.0,,Missing sub_instrument routing tag; cannot verify applicable statutory MDR.,"Missing sub-instrument routing metadata for transaction of Rs 6,511.28. Fee cannot be verified against statutory caps until gateway provides complete instrument tags."
TXN_000069,2026-08-21 22:34:47,13627.53,Card,Visa_credit,422222.0,premium_rewards,5045,B2B wholesale,True,True,True,0.02,272.55,49.06,above_20L,clean,Flagged_For_Review,R9,272.55,272.55,0.0,Market credit card rate applied; requires bilateral MSA contract review.,"Credit card transaction of Rs 13,627.53 billed at flat market rate (Rs 272.55). Unverified against statutory caps; requires L2/L3 metadata or IC+ rate schedule."
TXN_000070,2026-08-26 15:43:13,2029.25,UPI,bank_UPI,,,5045,B2B wholesale,True,True,False,0.02,0.0,0.0,above_20L,clean,Matched,R1,0.0,0.0,0.0,Accurate fee verified against R1.,"Compliant transaction of Rs 2,029.25. Billed fee matches statutory rate schedule."
TXN_000071,2026-08-21 14:17:31,37974.43,Card,Debit_non_rupay,,,5045,B2B wholesale,True,True,True,0.02,341.77,61.52,above_20L,clean,Matched,R8,341.77,341.77,0.0,Accurate fee verified against R8.,"Compliant transaction of Rs 37,974.43. Billed fee matches statutory rate schedule."
TXN_000072,2026-08-19 19:20:53,2013.43,UPI,bank_UPI,,,5045,B2B wholesale,True,True,False,0.02,0.0,0.0,above_20L,clean,Matched,R1,0.0,0.0,0.0,Accurate fee verified against R1.,"Compliant transaction of Rs 2,013.43. Billed fee matches statutory rate schedule."
TXN_000073,2026-08-24 18:58:52,2028.63,UPI,bank_UPI,,,5045,B2B wholesale,True,True,False,0.02,0.0,0.0,above_20L,clean,Matched,R1,0.0,0.0,0.0,Accurate fee verified against R1.,"Compliant transaction of Rs 2,028.63. Billed fee matches statutory rate schedule."
TXN_000074,2026-08-16 12:29:40,45658.27,Card,Mastercard_credit,522222.0,premium_rewards,5045,B2B wholesale,True,True,True,0.02,913.17,164.37,above_20L,clean,Flagged_For_Review,R9,913.17,913.17,0.0,Market credit card rate applied; requires bilateral MSA contract review.,"Credit card transaction of Rs 45,658.27 billed at flat market rate (Rs 913.17). Unverified against statutory caps; requires L2/L3 metadata or IC+ rate schedule."
TXN_000075,2026-08-29 15:59:21,2012.97,UPI,bank_UPI,,,5045,B2B wholesale,True,True,False,0.02,0.0,0.0,above_20L,clean,Matched,R1,0.0,0.0,0.0,Accurate fee verified against R1.,"Compliant transaction of Rs 2,012.97. Billed fee matches statutory rate schedule."
TXN_000076,2026-08-18 18:16:54,2022.96,UPI,RuPay_credit_UPI,533333.0,corporate,5045,B2B wholesale,False,False,False,0.02,46.52,8.37,above_20L,R10_l2_l3_downgrade,Leaked,R4,30.34,46.52,16.18,"Statutory disparity against R4: expected Rs 30.34, charged Rs 46.52.",Statutory fee overcharge of Rs 16.18 detected under rule R4. Charged fee of Rs 46.52 exceeds statutory cap/expected fee of Rs 30.34.
TXN_000077,2026-08-15 15:39:07,2011.81,UPI,bank_UPI,,,5045,B2B wholesale,True,True,False,0.02,0.0,0.0,above_20L,clean,Matched,R1,0.0,0.0,0.0,Accurate fee verified against R1.,"Compliant transaction of Rs 2,011.81. Billed fee matches statutory rate schedule."
TXN_000078,2026-08-30 02:48:31,2023.9,UPI,bank_UPI,,,5045,B2B wholesale,True,True,False,0.02,0.0,0.0,above_20L,clean,Matched,R1,0.0,0.0,0.0,Accurate fee verified against R1.,"Compliant transaction of Rs 2,023.90. Billed fee matches statutory rate schedule."
TXN_000079,2026-08-19 02:28:30,2848.93,UPI,RuPay_credit_UPI,511111.0,basic,5411,B2B wholesale,True,True,False,0.02,42.73,7.69,above_20L,R12_mcc_misclassification,Matched,R4,42.73,42.73,0.0,Accurate fee verified against R4.,"Compliant transaction of Rs 2,848.93. Billed fee matches statutory rate schedule."
TXN_000080,2026-08-29 10:23:04,56001.67,Card,Debit_non_rupay,,,5045,B2B wholesale,True,True,True,0.02,504.02,90.72,above_20L,clean,Matched,R8,504.02,504.02,0.0,Accurate fee verified against R8.,"Compliant transaction of Rs 56,001.67. Billed fee matches statutory rate schedule."
TXN_000081,2026-08-28 09:59:18,17510.94,UPI,bank_UPI,,,5045,B2B wholesale,True,True,True,0.02,0.0,0.0,above_20L,clean,Matched,R1,0.0,0.0,0.0,Accurate fee verified against R1.,"Compliant transaction of Rs 17,510.94. Billed fee matches statutory rate schedule."
TXN_000082,2026-08-22 14:50:35,57084.97,Card,,422222.0,premium_rewards,5045,B2B wholesale,True,True,True,0.02,1141.7,205.51,above_20L,exception_missing_tag,Exception,NONE,,1141.7,,Missing sub_instrument routing tag; cannot verify applicable statutory MDR.,"Missing sub-instrument routing metadata for transaction of Rs 57,084.97. Fee cannot be verified against statutory caps until gateway provides complete instrument tags."
TXN_000083,2026-08-22 13:18:31,45474.5,Card,,422222.0,premium_rewards,5045,B2B wholesale,True,True,True,0.02,909.49,163.71,above_20L,exception_missing_tag,Exception,NONE,,909.49,,Missing sub_instrument routing tag; cannot verify applicable statutory MDR.,"Missing sub-instrument routing metadata for transaction of Rs 45,474.50. Fee cannot be verified against statutory caps until gateway provides complete instrument tags."
TXN_000084,2026-08-27 04:48:31,34723.17,Card,Mastercard_credit,411111.0,basic,5045,B2B wholesale,True,True,True,0.02,694.46,125.0,above_20L,clean,Flagged_For_Review,R9,694.46,694.46,0.0,Market credit card rate applied; requires bilateral MSA contract review.,"Credit card transaction of Rs 34,723.17 billed at flat market rate (Rs 694.46). Unverified against statutory caps; requires L2/L3 metadata or IC+ rate schedule."
TXN_000085,2026-08-20 17:22:14,59968.74,UPI,bank_UPI,,,5045,B2B wholesale,True,True,True,0.02,0.0,0.0,above_20L,clean,Matched,R1,0.0,0.0,0.0,Accurate fee verified against R1.,"Compliant transaction of Rs 59,968.74. Billed fee matches statutory rate schedule."
TXN_000086,2026-08-20 07:21:18,2039.7,UPI,bank_UPI,,,5045,B2B wholesale,True,True,False,0.02,0.0,0.0,above_20L,clean,Matched,R1,0.0,0.0,0.0,Accurate fee verified against R1.,"Compliant transaction of Rs 2,039.70. Billed fee matches statutory rate schedule."
TXN_000087,2026-08-26 08:43:07,2011.97,UPI,bank_UPI,,,5045,B2B wholesale,True,True,False,0.02,0.0,0.0,above_20L,clean,Matched,R1,0.0,0.0,0.0,Accurate fee verified against R1.,"Compliant transaction of Rs 2,011.97. Billed fee matches statutory rate schedule."
TXN_000088,2026-08-23 18:09:03,24468.98,Card,,607222.0,corporate,5045,B2B wholesale,True,True,True,0.02,0.0,0.0,above_20L,exception_missing_tag,Exception,NONE,,0.0,,Missing sub_instrument routing tag; cannot verify applicable statutory MDR.,"Missing sub-instrument routing metadata for transaction of Rs 24,468.98. Fee cannot be verified against statutory caps until gateway provides complete instrument tags."
TXN_000089,2026-08-26 01:44:44,12171.83,UPI,RuPay_credit_UPI,433333.0,corporate,5045,B2B wholesale,True,True,True,0.02,182.58,32.86,above_20L,clean,Matched,R4,182.58,182.58,0.0,Accurate fee verified against R4.,"Compliant transaction of Rs 12,171.83. Billed fee matches statutory rate schedule."
TXN_000090,2026-08-22 08:38:45,2000.01,UPI,bank_UPI,,,5045,B2B wholesale,True,True,False,0.02,0.0,0.0,above_20L,clean,Matched,R1,0.0,0.0,0.0,Accurate fee verified against R1.,"Compliant transaction of Rs 2,000.01. Billed fee matches statutory rate schedule."
TXN_000091,2026-08-16 09:15:55,47796.32,UPI,PPI_wallet_UPI,,,5045,B2B wholesale,True,True,True,0.02,525.76,94.64,above_20L,clean,Matched,R6c,525.76,525.76,0.0,Accurate fee verified against R6c.,"Compliant transaction of Rs 47,796.32. Billed fee matches statutory rate schedule."
TXN_000092,2026-08-21 09:06:33,47379.11,UPI,bank_UPI,,,5411,B2B wholesale,True,True,True,0.02,0.0,0.0,above_20L,R12_mcc_misclassification,Matched,R1,0.0,0.0,0.0,Accurate fee verified against R1.,"Compliant transaction of Rs 47,379.11. Billed fee matches statutory rate schedule."
TXN_000093,2026-08-28 00:05:38,58481.98,Card,,607222.0,corporate,5045,B2B wholesale,True,True,True,0.02,1169.64,210.54,above_20L,exception_missing_tag,Exception,NONE,,1169.64,,Missing sub_instrument routing tag; cannot verify applicable statutory MDR.,"Missing sub-instrument routing metadata for transaction of Rs 58,481.98. Fee cannot be verified against statutory caps until gateway provides complete instrument tags."
TXN_000094,2026-08-15 13:53:57,2017.13,UPI,bank_UPI,,,5045,B2B wholesale,True,True,False,0.02,0.0,0.0,above_20L,clean,Matched,R1,0.0,0.0,0.0,Accurate fee verified against R1.,"Compliant transaction of Rs 2,017.13. Billed fee matches statutory rate schedule."
TXN_000095,2026-08-26 23:30:21,19346.26,UPI,bank_UPI,,,5045,B2B wholesale,True,True,True,0.02,0.0,0.0,above_20L,clean,Matched,R1,0.0,0.0,0.0,Accurate fee verified against R1.,"Compliant transaction of Rs 19,346.26. Billed fee matches statutory rate schedule."
TXN_000096,2026-08-21 15:54:08,57033.47,UPI,bank_UPI,,,5045,B2B wholesale,True,True,True,0.02,0.0,0.0,above_20L,clean,Matched,R1,0.0,0.0,0.0,Accurate fee verified against R1.,"Compliant transaction of Rs 57,033.47. Billed fee matches statutory rate schedule."
TXN_000097,2026-08-18 12:17:47,3749.81,Card,Mastercard_credit,533333.0,corporate,5045,B2B wholesale,True,True,False,0.02,75.0,13.5,above_20L,clean,Flagged_For_Review,R9,75.0,75.0,0.0,Market credit card rate applied; requires bilateral MSA contract review.,"Credit card transaction of Rs 3,749.81 billed at flat market rate (Rs 75.00). Unverified against statutory caps; requires L2/L3 metadata or IC+ rate schedule."
TXN_000098,2026-08-19 01:42:56,2024.4,UPI,,422222.0,premium_rewards,5045,B2B wholesale,True,True,False,0.02,30.37,5.47,above_20L,exception_missing_tag,Exception,NONE,,30.37,,Missing sub_instrument routing tag; cannot verify applicable statutory MDR.,"Missing sub-instrument routing metadata for transaction of Rs 2,024.40. Fee cannot be verified against statutory caps until gateway provides complete instrument tags."
TXN_000099,2026-08-26 02:53:49,2015.71,UPI,bank_UPI,,,5411,B2B wholesale,True,True,False,0.02,0.0,0.0,above_20L,R12_mcc_misclassification,Matched,R1,0.0,0.0,0.0,Accurate fee verified against R1.,"Compliant transaction of Rs 2,015.71. Billed fee matches statutory rate schedule."
TXN_000100,2026-08-16 18:14:31,2020.6,UPI,bank_UPI,,,5411,B2B wholesale,True,True,False,0.02,0.0,0.0,above_20L,R12_mcc_misclassification,Matched,R1,0.0,0.0,0.0,Accurate fee verified against R1.,"Compliant transaction of Rs 2,020.60. Billed fee matches statutory rate schedule."
TXN_000101,2026-08-26 11:15:46,47861.64,UPI,bank_UPI,,,5045,B2B wholesale,True,True,True,0.02,0.0,0.0,above_20L,clean,Matched,R1,0.0,0.0,0.0,Accurate fee verified against R1.,"Compliant transaction of Rs 47,861.64. Billed fee matches statutory rate schedule."
TXN_000102,2026-08-22 09:03:25,45912.67,UPI,bank_UPI,,,5045,B2B wholesale,True,True,True,0.02,0.0,0.0,above_20L,clean,Matched,R1,0.0,0.0,0.0,Accurate fee verified against R1.,"Compliant transaction of Rs 45,912.67. Billed fee matches statutory rate schedule."
TXN_000103,2026-08-28 20:58:52,2020.91,UPI,,,,5045,B2B wholesale,True,True,False,0.02,0.0,0.0,above_20L,exception_missing_tag,Exception,NONE,,0.0,,Missing sub_instrument routing tag; cannot verify applicable statutory MDR.,"Missing sub-instrument routing metadata for transaction of Rs 2,020.91. Fee cannot be verified against statutory caps until gateway provides complete instrument tags."
TXN_000104,2026-08-29 23:43:08,2001.19,UPI,bank_UPI,,,5045,B2B wholesale,True,True,False,0.02,0.0,0.0,above_20L,clean,Matched,R1,0.0,0.0,0.0,Accurate fee verified against R1.,"Compliant transaction of Rs 2,001.19. Billed fee matches statutory rate schedule."
TXN_000105,2026-08-19 15:16:01,2039.85,UPI,bank_UPI,,,5045,B2B wholesale,True,True,False,0.02,0.0,0.0,above_20L,clean,Matched,R1,0.0,0.0,0.0,Accurate fee verified against R1.,"Compliant transaction of Rs 2,039.85. Billed fee matches statutory rate schedule."
TXN_000106,2026-08-23 23:46:23,7502.28,Card,RuPay_debit,607222.0,corporate,5045,B2B wholesale,True,True,False,0.02,0.0,0.0,above_20L,clean,Matched,R2,0.0,0.0,0.0,Accurate fee verified against R2.,"Compliant transaction of Rs 7,502.28. Billed fee matches statutory rate schedule."
TXN_000107,2026-08-25 15:44:51,41122.35,Card,RuPay_debit,411111.0,basic,5045,B2B wholesale,True,True,True,0.02,0.0,0.0,above_20L,clean,Matched,R2,0.0,0.0,0.0,Accurate fee verified against R2.,"Compliant transaction of Rs 41,122.35. Billed fee matches statutory rate schedule."
TXN_000108,2026-08-19 10:05:11,2001.19,UPI,bank_UPI,,,5045,B2B wholesale,True,True,False,0.02,0.0,0.0,above_20L,clean,Matched,R1,0.0,0.0,0.0,Accurate fee verified against R1.,"Compliant transaction of Rs 2,001.19. Billed fee matches statutory rate schedule."
TXN_000109,2026-08-26 16:24:27,31655.84,UPI,PPI_wallet_UPI,,,5045,B2B wholesale,True,True,True,0.02,348.21,62.68,above_20L,clean,Matched,R6c,348.21,348.21,0.0,Accurate fee verified against R6c.,"Compliant transaction of Rs 31,655.84. Billed fee matches statutory rate schedule."
TXN_000110,2026-08-16 02:50:38,2028.51,UPI,bank_UPI,,,5045,B2B wholesale,True,True,False,0.02,0.0,0.0,above_20L,clean,Matched,R1,0.0,0.0,0.0,Accurate fee verified against R1.,"Compliant transaction of Rs 2,028.51. Billed fee matches statutory rate schedule."
TXN_000111,2026-08-29 23:43:42,25827.79,Card,RuPay_debit,607111.0,basic,5045,B2B wholesale,True,True,True,0.02,0.0,0.0,above_20L,clean,Matched,R2,0.0,0.0,0.0,Accurate fee verified against R2.,"Compliant transaction of Rs 25,827.79. Billed fee matches statutory rate schedule."
TXN_000112,2026-08-22 06:22:21,56259.29,UPI,bank_UPI,,,5045,B2B wholesale,True,True,True,0.02,0.0,0.0,above_20L,clean,Matched,R1,0.0,0.0,0.0,Accurate fee verified against R1.,"Compliant transaction of Rs 56,259.29. Billed fee matches statutory rate schedule."
TXN_000113,2026-08-15 23:49:32,9809.76,Card,Visa_credit,411111.0,basic,5045,B2B wholesale,True,True,False,0.02,196.2,35.32,above_20L,clean,Flagged_For_Review,R9,196.2,196.2,0.0,Market credit card rate applied; requires bilateral MSA contract review.,"Credit card transaction of Rs 9,809.76 billed at flat market rate (Rs 196.20). Unverified against statutory caps; requires L2/L3 metadata or IC+ rate schedule."
TXN_000114,2026-08-20 12:26:04,45082.81,Card,Mastercard_credit,422222.0,premium_rewards,5045,B2B wholesale,True,True,True,0.02,901.66,162.3,above_20L,clean,Flagged_For_Review,R9,901.66,901.66,0.0,Market credit card rate applied; requires bilateral MSA contract review.,"Credit card transaction of Rs 45,082.81 billed at flat market rate (Rs 901.66). Unverified against statutory caps; requires L2/L3 metadata or IC+ rate schedule."
TXN_000115,2026-08-26 22:14:45,2024.43,UPI,bank_UPI,,,5045,B2B wholesale,True,True,False,0.02,0.0,0.0,above_20L,clean,Matched,R1,0.0,0.0,0.0,Accurate fee verified against R1.,"Compliant transaction of Rs 2,024.43. Billed fee matches statutory rate schedule."
TXN_000116,2026-08-19 08:38:11,2019.49,UPI,bank_UPI,,,5045,B2B wholesale,True,True,False,0.02,0.0,0.0,above_20L,clean,Matched,R1,0.0,0.0,0.0,Accurate fee verified against R1.,"Compliant transaction of Rs 2,019.49. Billed fee matches statutory rate schedule."
TXN_000117,2026-08-28 09:42:29,30462.49,UPI,bank_UPI,,,5045,B2B wholesale,True,True,True,0.02,0.0,0.0,above_20L,clean,Matched,R1,0.0,0.0,0.0,Accurate fee verified against R1.,"Compliant transaction of Rs 30,462.49. Billed fee matches statutory rate schedule."
TXN_000118,2026-08-20 01:38:10,27126.29,Card,RuPay_debit,607222.0,corporate,5045,B2B wholesale,True,True,True,0.02,0.0,0.0,above_20L,clean,Matched,R2,0.0,0.0,0.0,Accurate fee verified against R2.,"Compliant transaction of Rs 27,126.29. Billed fee matches statutory rate schedule."
TXN_000119,2026-08-29 14:00:03,2021.92,UPI,bank_UPI,,,5411,B2B wholesale,True,True,False,0.02,0.0,0.0,above_20L,R12_mcc_misclassification,Matched,R1,0.0,0.0,0.0,Accurate fee verified against R1.,"Compliant transaction of Rs 2,021.92. Billed fee matches statutory rate schedule."
TXN_000120,2026-08-16 03:55:37,52401.61,UPI,bank_UPI,,,5045,B2B wholesale,True,True,True,0.02,0.0,0.0,above_20L,clean,Matched,R1,0.0,0.0,0.0,Accurate fee verified against R1.,"Compliant transaction of Rs 52,401.61. Billed fee matches statutory rate schedule."
TXN_000121,2026-08-17 08:48:52,2019.39,UPI,bank_UPI,,,5411,B2B wholesale,True,True,False,0.02,0.0,0.0,above_20L,R12_mcc_misclassification,Matched,R1,0.0,0.0,0.0,Accurate fee verified against R1.,"Compliant transaction of Rs 2,019.39. Billed fee matches statutory rate schedule."
TXN_000122,2026-08-25 17:55:54,2011.58,UPI,bank_UPI,,,5045,B2B wholesale,True,True,False,0.02,0.0,0.0,above_20L,clean,Matched,R1,0.0,0.0,0.0,Accurate fee verified against R1.,"Compliant transaction of Rs 2,011.58. Billed fee matches statutory rate schedule."
TXN_000123,2026-08-22 07:31:03,37363.65,Card,RuPay_debit,411111.0,basic,5045,B2B wholesale,True,True,True,0.02,0.0,0.0,above_20L,clean,Matched,R2,0.0,0.0,0.0,Accurate fee verified against R2.,"Compliant transaction of Rs 37,363.65. Billed fee matches statutory rate schedule."
TXN_000124,2026-08-18 18:12:02,2037.52,UPI,bank_UPI,,,5045,B2B wholesale,True,True,False,0.02,0.0,0.0,above_20L,clean,Matched,R1,0.0,0.0,0.0,Accurate fee verified against R1.,"Compliant transaction of Rs 2,037.52. Billed fee matches statutory rate schedule."
TXN_000125,2026-08-25 04:06:26,2035.71,UPI,,,,5045,B2B wholesale,True,True,False,0.02,22.39,4.03,above_20L,exception_missing_tag,Exception,NONE,,22.39,,Missing sub_instrument routing tag; cannot verify applicable statutory MDR.,"Missing sub-instrument routing metadata for transaction of Rs 2,035.71. Fee cannot be verified against statutory caps until gateway provides complete instrument tags."
TXN_000126,2026-08-15 18:07:16,2035.8,UPI,bank_UPI,,,5045,B2B wholesale,True,True,False,0.02,0.0,0.0,above_20L,clean,Matched,R1,0.0,0.0,0.0,Accurate fee verified against R1.,"Compliant transaction of Rs 2,035.80. Billed fee matches statutory rate schedule."
TXN_000127,2026-08-15 22:36:21,2037.02,UPI,bank_UPI,,,5411,B2B wholesale,True,True,False,0.02,0.0,0.0,above_20L,R12_mcc_misclassification,Matched,R1,0.0,0.0,0.0,Accurate fee verified against R1.,"Compliant transaction of Rs 2,037.02. Billed fee matches statutory rate schedule."
TXN_000128,2026-08-30 07:59:35,35056.22,UPI,bank_UPI,,,5045,B2B wholesale,True,True,True,0.02,0.0,0.0,above_20L,clean,Matched,R1,0.0,0.0,0.0,Accurate fee verified against R1.,"Compliant transaction of Rs 35,056.22. Billed fee matches statutory rate schedule."
TXN_000129,2026-08-16 17:29:14,10749.92,UPI,bank_UPI,,,5045,B2B wholesale,True,True,True,0.02,0.0,0.0,above_20L,clean,Matched,R1,0.0,0.0,0.0,Accurate fee verified against R1.,"Compliant transaction of Rs 10,749.92. Billed fee matches statutory rate schedule."
TXN_000130,2026-08-18 09:45:56,8576.33,UPI,RuPay_credit_UPI,607111.0,basic,5045,B2B wholesale,True,True,False,0.02,128.64,23.16,above_20L,clean,Matched,R4,128.64,128.64,0.0,Accurate fee verified against R4.,"Compliant transaction of Rs 8,576.33. Billed fee matches statutory rate schedule."
TXN_000131,2026-08-22 19:12:49,2000.3,UPI,bank_UPI,,,5045,B2B wholesale,True,True,False,0.02,0.0,0.0,above_20L,clean,Matched,R1,0.0,0.0,0.0,Accurate fee verified against R1.,"Compliant transaction of Rs 2,000.30. Billed fee matches statutory rate schedule."
TXN_000132,2026-08-24 01:07:25,19837.9,UPI,bank_UPI,,,5045,B2B wholesale,True,True,True,0.02,0.0,0.0,above_20L,clean,Matched,R1,0.0,0.0,0.0,Accurate fee verified against R1.,"Compliant transaction of Rs 19,837.90. Billed fee matches statutory rate schedule."
TXN_000133,2026-08-17 03:54:11,2019.62,UPI,bank_UPI,,,5045,B2B wholesale,True,True,False,0.02,0.0,0.0,above_20L,clean,Matched,R1,0.0,0.0,0.0,Accurate fee verified against R1.,"Compliant transaction of Rs 2,019.62. Billed fee matches statutory rate schedule."
TXN_000134,2026-08-25 00:48:04,2036.52,UPI,bank_UPI,,,5045,B2B wholesale,True,True,False,0.02,0.0,0.0,above_20L,clean,Matched,R1,0.0,0.0,0.0,Accurate fee verified against R1.,"Compliant transaction of Rs 2,036.52. Billed fee matches statutory rate schedule."
TXN_000135,2026-08-22 08:25:06,57605.13,UPI,bank_UPI,,,5045,B2B wholesale,True,True,True,0.02,0.0,0.0,above_20L,clean,Matched,R1,0.0,0.0,0.0,Accurate fee verified against R1.,"Compliant transaction of Rs 57,605.13. Billed fee matches statutory rate schedule."
TXN_000136,2026-08-27 21:29:54,21991.5,Card,RuPay_debit,533333.0,corporate,5045,B2B wholesale,False,False,True,0.02,175.93,31.67,above_20L,R10_l2_l3_downgrade,Leaked,R10,615.76,175.93,-439.83,"Statutory disparity against R10: expected Rs 615.76, charged Rs 175.93.",Statutory fee overcharge of Rs -439.83 detected under rule R10. Charged fee of Rs 175.93 exceeds statutory cap/expected fee of Rs 615.76.
TXN_000137,2026-08-15 14:19:47,2033.44,UPI,bank_UPI,,,5045,B2B wholesale,True,True,False,0.02,0.0,0.0,above_20L,clean,Matched,R1,0.0,0.0,0.0,Accurate fee verified against R1.,"Compliant transaction of Rs 2,033.44. Billed fee matches statutory rate schedule."
TXN_000138,2026-08-25 20:34:22,2025.0,UPI,bank_UPI,,,5045,B2B wholesale,True,True,False,0.02,0.0,0.0,above_20L,clean,Matched,R1,0.0,0.0,0.0,Accurate fee verified against R1.,"Compliant transaction of Rs 2,025.00. Billed fee matches statutory rate schedule."
TXN_000139,2026-08-17 02:45:36,2002.79,UPI,PPI_wallet_UPI,,,5045,B2B wholesale,True,True,False,0.02,22.03,3.97,above_20L,clean,Matched,R6c,22.03,22.03,0.0,Accurate fee verified against R6c.,"Compliant transaction of Rs 2,002.79. Billed fee matches statutory rate schedule."
TXN_000140,2026-08-24 08:38:07,2037.04,UPI,RuPay_credit_UPI,607222.0,corporate,5045,B2B wholesale,True,True,False,0.02,30.56,5.5,above_20L,clean,Matched,R4,30.56,30.56,0.0,Accurate fee verified against R4.,"Compliant transaction of Rs 2,037.04. Billed fee matches statutory rate schedule."
TXN_000141,2026-08-22 03:43:47,42987.54,Card,Visa_credit,607222.0,corporate,5045,B2B wholesale,False,False,True,0.02,1203.65,216.66,above_20L,R10_l2_l3_downgrade,Matched,R10,1203.65,1203.65,0.0,Accurate fee verified against R10.,"Compliant transaction of Rs 42,987.54. Billed fee matches statutory rate schedule."
TXN_000142,2026-08-28 16:47:21,39639.21,UPI,bank_UPI,,,5045,B2B wholesale,True,True,True,0.02,0.0,0.0,above_20L,clean,Matched,R1,0.0,0.0,0.0,Accurate fee verified against R1.,"Compliant transaction of Rs 39,639.21. Billed fee matches statutory rate schedule."
TXN_000143,2026-08-23 10:52:35,2018.16,UPI,RuPay_credit_UPI,422222.0,premium_rewards,5045,B2B wholesale,True,True,False,0.02,30.27,5.45,above_20L,clean,Matched,R4,30.27,30.27,0.0,Accurate fee verified against R4.,"Compliant transaction of Rs 2,018.16. Billed fee matches statutory rate schedule."
TXN_000144,2026-08-16 15:37:19,54482.75,UPI,bank_UPI,,,5045,B2B wholesale,True,True,True,0.02,0.0,0.0,above_20L,clean,Matched,R1,0.0,0.0,0.0,Accurate fee verified against R1.,"Compliant transaction of Rs 54,482.75. Billed fee matches statutory rate schedule."
TXN_000145,2026-08-20 07:50:49,55032.81,Card,,,,5045,B2B wholesale,True,True,True,0.02,495.3,89.15,above_20L,exception_missing_tag,Exception,NONE,,495.3,,Missing sub_instrument routing tag; cannot verify applicable statutory MDR.,"Missing sub-instrument routing metadata for transaction of Rs 55,032.81. Fee cannot be verified against statutory caps until gateway provides complete instrument tags."
TXN_000146,2026-08-20 15:08:13,51445.23,UPI,bank_UPI,,,5045,B2B wholesale,True,True,True,0.02,0.0,0.0,above_20L,clean,Matched,R1,0.0,0.0,0.0,Accurate fee verified against R1.,"Compliant transaction of Rs 51,445.23. Billed fee matches statutory rate schedule."
TXN_000147,2026-08-26 21:41:25,36794.91,UPI,bank_UPI,,,5045,B2B wholesale,True,True,True,0.02,0.0,0.0,above_20L,clean,Matched,R1,0.0,0.0,0.0,Accurate fee verified against R1.,"Compliant transaction of Rs 36,794.91. Billed fee matches statutory rate schedule."
TXN_000148,2026-08-17 15:30:07,2010.09,UPI,bank_UPI,,,5045,B2B wholesale,True,True,False,0.02,0.0,0.0,above_20L,clean,Matched,R1,0.0,0.0,0.0,Accurate fee verified against R1.,"Compliant transaction of Rs 2,010.09. Billed fee matches statutory rate schedule."
TXN_000149,2026-08-22 04:10:14,37285.08,Card,RuPay_debit,433333.0,corporate,5045,B2B wholesale,True,True,True,0.02,0.0,0.0,above_20L,clean,Matched,R2,0.0,0.0,0.0,Accurate fee verified against R2.,"Compliant transaction of Rs 37,285.08. Billed fee matches statutory rate schedule."
TXN_000150,2026-08-16 02:06:27,31513.29,Card,RuPay_debit,422222.0,premium_rewards,5411,B2B wholesale,True,True,True,0.02,0.0,0.0,above_20L,R12_mcc_misclassification,Matched,R2,0.0,0.0,0.0,Accurate fee verified against R2.,"Compliant transaction of Rs 31,513.29. Billed fee matches statutory rate schedule."
TXN_000151,2026-08-20 05:37:06,23321.87,UPI,bank_UPI,,,5411,B2B wholesale,True,True,True,0.02,0.0,0.0,above_20L,R12_mcc_misclassification,Matched,R1,0.0,0.0,0.0,Accurate fee verified against R1.,"Compliant transaction of Rs 23,321.87. Billed fee matches statutory rate schedule."
TXN_000152,2026-08-25 01:24:08,19875.71,Card,RuPay_debit,607222.0,corporate,5045,B2B wholesale,True,True,True,0.02,0.0,0.0,above_20L,clean,Matched,R2,0.0,0.0,0.0,Accurate fee verified against R2.,"Compliant transaction of Rs 19,875.71. Billed fee matches statutory rate schedule."
TXN_000153,2026-08-17 21:14:04,2013.74,UPI,RuPay_credit_UPI,422222.0,premium_rewards,5045,B2B wholesale,True,True,False,0.02,30.21,5.44,above_20L,clean,Matched,R4,30.21,30.21,0.0,Accurate fee verified against R4.,"Compliant transaction of Rs 2,013.74. Billed fee matches statutory rate schedule."
TXN_000154,2026-08-16 05:23:00,44384.67,Card,Mastercard_credit,522222.0,premium_rewards,5045,B2B wholesale,True,True,True,0.02,887.69,159.78,above_20L,clean,Flagged_For_Review,R9,887.69,887.69,0.0,Market credit card rate applied; requires bilateral MSA contract review.,"Credit card transaction of Rs 44,384.67 billed at flat market rate (Rs 887.69). Unverified against statutory caps; requires L2/L3 metadata or IC+ rate schedule."
TXN_000155,2026-08-30 08:27:22,23622.95,UPI,RuPay_credit_UPI,522222.0,premium_rewards,5045,B2B wholesale,True,True,True,0.02,354.34,63.78,above_20L,clean,Matched,R4,354.34,354.34,0.0,Accurate fee verified against R4.,"Compliant transaction of Rs 23,622.95. Billed fee matches statutory rate schedule."
TXN_000156,2026-08-29 18:34:36,4917.5,Card,Visa_credit,607111.0,basic,5045,B2B wholesale,True,True,False,0.02,98.35,17.7,above_20L,clean,Flagged_For_Review,R9,98.35,98.35,0.0,Market credit card rate applied; requires bilateral MSA contract review.,"Credit card transaction of Rs 4,917.50 billed at flat market rate (Rs 98.35). Unverified against statutory caps; requires L2/L3 metadata or IC+ rate schedule."
TXN_000157,2026-08-27 16:56:48,14767.14,Card,Visa_credit,422222.0,premium_rewards,5045,B2B wholesale,True,True,True,0.02,295.34,53.16,above_20L,clean,Flagged_For_Review,R9,295.34,295.34,0.0,Market credit card rate applied; requires bilateral MSA contract review.,"Credit card transaction of Rs 14,767.14 billed at flat market rate (Rs 295.34). Unverified against statutory caps; requires L2/L3 metadata or IC+ rate schedule."
TXN_000158,2026-08-24 04:28:30,2032.22,UPI,bank_UPI,,,5045,B2B wholesale,True,True,False,0.02,0.0,0.0,above_20L,clean,Matched,R1,0.0,0.0,0.0,Accurate fee verified against R1.,"Compliant transaction of Rs 2,032.22. Billed fee matches statutory rate schedule."
TXN_000159,2026-08-22 02:00:34,2000.54,UPI,bank_UPI,,,5045,B2B wholesale,True,True,False,0.02,0.0,0.0,above_20L,clean,Matched,R1,0.0,0.0,0.0,Accurate fee verified against R1.,"Compliant transaction of Rs 2,000.54. Billed fee matches statutory rate schedule."
TXN_000160,2026-08-17 07:59:16,31259.06,UPI,bank_UPI,,,5045,B2B wholesale,True,True,True,0.02,0.0,0.0,above_20L,clean,Matched,R1,0.0,0.0,0.0,Accurate fee verified against R1.,"Compliant transaction of Rs 31,259.06. Billed fee matches statutory rate schedule."
TXN_000161,2026-08-22 06:17:46,2005.98,UPI,PPI_wallet_UPI,,,5045,B2B wholesale,True,True,False,0.02,22.07,3.97,above_20L,clean,Matched,R6c,22.07,22.07,0.0,Accurate fee verified against R6c.,"Compliant transaction of Rs 2,005.98. Billed fee matches statutory rate schedule."
TXN_000162,2026-08-19 09:00:30,2014.78,UPI,bank_UPI,,,5045,B2B wholesale,True,True,False,0.02,0.0,0.0,above_20L,clean,Matched,R1,0.0,0.0,0.0,Accurate fee verified against R1.,"Compliant transaction of Rs 2,014.78. Billed fee matches statutory rate schedule."
TXN_000163,2026-08-26 17:27:02,2010.26,UPI,bank_UPI,,,5411,B2B wholesale,True,True,False,0.02,0.0,0.0,above_20L,R12_mcc_misclassification,Matched,R1,0.0,0.0,0.0,Accurate fee verified against R1.,"Compliant transaction of Rs 2,010.26. Billed fee matches statutory rate schedule."
TXN_000164,2026-08-28 17:56:19,57468.57,Card,Mastercard_credit,433333.0,corporate,5411,B2B wholesale,True,True,True,0.02,1149.37,206.89,above_20L,R12_mcc_misclassification,Flagged_For_Review,R9,1149.37,1149.37,0.0,Market credit card rate applied; requires bilateral MSA contract review.,"Credit card transaction of Rs 57,468.57 billed at flat market rate (Rs 1,149.37). Unverified against statutory caps; requires L2/L3 metadata or IC+ rate schedule."
TXN_000165,2026-08-24 07:56:52,3222.72,UPI,bank_UPI,,,5045,B2B wholesale,True,True,False,0.02,0.0,0.0,above_20L,clean,Matched,R1,0.0,0.0,0.0,Accurate fee verified against R1.,"Compliant transaction of Rs 3,222.72. Billed fee matches statutory rate schedule."
TXN_000166,2026-08-30 04:02:11,2031.62,UPI,bank_UPI,,,5411,B2B wholesale,True,True,False,0.02,0.0,0.0,above_20L,R12_mcc_misclassification,Matched,R1,0.0,0.0,0.0,Accurate fee verified against R1.,"Compliant transaction of Rs 2,031.62. Billed fee matches statutory rate schedule."
TXN_000167,2026-08-20 04:04:26,2012.45,UPI,bank_UPI,,,5411,B2B wholesale,True,True,False,0.02,0.0,0.0,above_20L,R12_mcc_misclassification,Matched,R1,0.0,0.0,0.0,Accurate fee verified against R1.,"Compliant transaction of Rs 2,012.45. Billed fee matches statutory rate schedule."
TXN_000168,2026-08-23 02:50:11,45523.78,UPI,bank_UPI,,,5045,B2B wholesale,True,True,True,0.02,0.0,0.0,above_20L,clean,Matched,R1,0.0,0.0,0.0,Accurate fee verified against R1.,"Compliant transaction of Rs 45,523.78. Billed fee matches statutory rate schedule."
TXN_000169,2026-08-23 02:00:07,2023.43,UPI,bank_UPI,,,5045,B2B wholesale,True,True,False,0.02,0.0,0.0,above_20L,clean,Matched,R1,0.0,0.0,0.0,Accurate fee verified against R1.,"Compliant transaction of Rs 2,023.43. Billed fee matches statutory rate schedule."
TXN_000170,2026-08-19 02:24:32,35745.44,UPI,bank_UPI,,,5045,B2B wholesale,True,True,True,0.02,0.0,0.0,above_20L,clean,Matched,R1,0.0,0.0,0.0,Accurate fee verified against R1.,"Compliant transaction of Rs 35,745.44. Billed fee matches statutory rate schedule."
TXN_000171,2026-08-27 02:08:12,56625.87,Card,,433333.0,corporate,5045,B2B wholesale,True,True,True,0.02,1132.52,203.85,above_20L,exception_missing_tag,Exception,NONE,,1132.52,,Missing sub_instrument routing tag; cannot verify applicable statutory MDR.,"Missing sub-instrument routing metadata for transaction of Rs 56,625.87. Fee cannot be verified against statutory caps until gateway provides complete instrument tags."
TXN_000172,2026-08-22 11:52:44,10149.05,Card,Debit_non_rupay,,,5045,B2B wholesale,True,True,True,0.02,91.34,16.44,above_20L,clean,Matched,R8,91.34,91.34,0.0,Accurate fee verified against R8.,"Compliant transaction of Rs 10,149.05. Billed fee matches statutory rate schedule."
TXN_000173,2026-08-15 11:39:38,47425.91,Card,RuPay_debit,411111.0,basic,5411,B2B wholesale,True,True,True,0.02,0.0,0.0,above_20L,R12_mcc_misclassification,Matched,R2,0.0,0.0,0.0,Accurate fee verified against R2.,"Compliant transaction of Rs 47,425.91. Billed fee matches statutory rate schedule."
TXN_000174,2026-08-26 09:55:54,34510.93,Card,Visa_credit,522222.0,premium_rewards,5045,B2B wholesale,True,True,True,0.02,690.22,124.24,above_20L,clean,Flagged_For_Review,R9,690.22,690.22,0.0,Market credit card rate applied; requires bilateral MSA contract review.,"Credit card transaction of Rs 34,510.93 billed at flat market rate (Rs 690.22). Unverified against statutory caps; requires L2/L3 metadata or IC+ rate schedule."
TXN_000175,2026-08-17 00:51:18,35139.9,UPI,bank_UPI,,,5045,B2B wholesale,True,True,True,0.02,0.0,0.0,above_20L,clean,Matched,R1,0.0,0.0,0.0,Accurate fee verified against R1.,"Compliant transaction of Rs 35,139.90. Billed fee matches statutory rate schedule."
TXN_000176,2026-08-17 01:39:27,34089.34,Card,Visa_credit,411111.0,basic,5045,B2B wholesale,True,True,True,0.02,681.79,122.72,above_20L,clean,Flagged_For_Review,R9,681.79,681.79,0.0,Market credit card rate applied; requires bilateral MSA contract review.,"Credit card transaction of Rs 34,089.34 billed at flat market rate (Rs 681.79). Unverified against statutory caps; requires L2/L3 metadata or IC+ rate schedule."
TXN_000177,2026-08-26 04:50:30,51943.0,Card,,607111.0,basic,5045,B2B wholesale,True,True,True,0.02,0.0,0.0,above_20L,exception_missing_tag,Exception,NONE,,0.0,,Missing sub_instrument routing tag; cannot verify applicable statutory MDR.,"Missing sub-instrument routing metadata for transaction of Rs 51,943.00. Fee cannot be verified against statutory caps until gateway provides complete instrument tags."
TXN_000178,2026-08-20 18:04:43,2039.2,UPI,bank_UPI,,,5045,B2B wholesale,True,True,False,0.02,0.0,0.0,above_20L,clean,Matched,R1,0.0,0.0,0.0,Accurate fee verified against R1.,"Compliant transaction of Rs 2,039.20. Billed fee matches statutory rate schedule."
TXN_000179,2026-08-17 23:18:39,2015.09,UPI,bank_UPI,,,5045,B2B wholesale,True,True,False,0.02,0.0,0.0,above_20L,clean,Matched,R1,0.0,0.0,0.0,Accurate fee verified against R1.,"Compliant transaction of Rs 2,015.09. Billed fee matches statutory rate schedule."
TXN_000180,2026-08-21 15:01:50,2024.14,UPI,PPI_wallet_UPI,,,5045,B2B wholesale,True,True,False,0.02,22.27,4.01,above_20L,clean,Matched,R6c,22.27,22.27,0.0,Accurate fee verified against R6c.,"Compliant transaction of Rs 2,024.14. Billed fee matches statutory rate schedule."
TXN_000181,2026-08-23 06:29:59,43265.59,UPI,bank_UPI,,,5045,B2B wholesale,True,True,True,0.02,0.0,0.0,above_20L,clean,Matched,R1,0.0,0.0,0.0,Accurate fee verified against R1.,"Compliant transaction of Rs 43,265.59. Billed fee matches statutory rate schedule."
TXN_000182,2026-08-17 08:54:36,2018.3,UPI,bank_UPI,,,5045,B2B wholesale,True,True,False,0.02,0.0,0.0,above_20L,clean,Matched,R1,0.0,0.0,0.0,Accurate fee verified against R1.,"Compliant transaction of Rs 2,018.30. Billed fee matches statutory rate schedule."
TXN_000183,2026-08-23 03:48:18,2019.14,UPI,RuPay_credit_UPI,607222.0,corporate,5045,B2B wholesale,False,False,False,0.02,46.44,8.36,above_20L,R10_l2_l3_downgrade,Leaked,R4,30.29,46.44,16.15,"Statutory disparity against R4: expected Rs 30.29, charged Rs 46.44.",Statutory fee overcharge of Rs 16.15 detected under rule R4. Charged fee of Rs 46.44 exceeds statutory cap/expected fee of Rs 30.29.
TXN_000184,2026-08-25 08:42:49,56558.0,Card,RuPay_debit,422222.0,premium_rewards,5411,B2B wholesale,True,True,True,0.02,0.0,0.0,above_20L,R12_mcc_misclassification,Matched,R2,0.0,0.0,0.0,Accurate fee verified against R2.,"Compliant transaction of Rs 56,558.00. Billed fee matches statutory rate schedule."
TXN_000185,2026-08-19 14:29:03,2001.73,UPI,bank_UPI,,,5045,B2B wholesale,True,True,False,0.02,0.0,0.0,above_20L,clean,Matched,R1,0.0,0.0,0.0,Accurate fee verified against R1.,"Compliant transaction of Rs 2,001.73. Billed fee matches statutory rate schedule."
TXN_000186,2026-08-27 20:17:36,48458.85,Card,Visa_credit,411111.0,basic,5045,B2B wholesale,True,True,True,0.02,969.18,174.45,above_20L,clean,Flagged_For_Review,R9,969.18,969.18,0.0,Market credit card rate applied; requires bilateral MSA contract review.,"Credit card transaction of Rs 48,458.85 billed at flat market rate (Rs 969.18). Unverified against statutory caps; requires L2/L3 metadata or IC+ rate schedule."
TXN_000187,2026-08-19 22:21:26,51030.54,UPI,RuPay_credit_UPI,422222.0,premium_rewards,5045,B2B wholesale,True,True,True,0.02,765.46,137.78,above_20L,clean,Matched,R4,765.46,765.46,0.0,Accurate fee verified against R4.,"Compliant transaction of Rs 51,030.54. Billed fee matches statutory rate schedule."
TXN_000188,2026-08-18 16:14:24,48329.84,UPI,bank_UPI,,,5411,B2B wholesale,True,True,True,0.02,0.0,0.0,above_20L,R12_mcc_misclassification,Matched,R1,0.0,0.0,0.0,Accurate fee verified against R1.,"Compliant transaction of Rs 48,329.84. Billed fee matches statutory rate schedule."
TXN_000189,2026-08-24 08:52:24,2016.68,UPI,bank_UPI,,,5411,B2B wholesale,True,True,False,0.02,0.0,0.0,above_20L,R12_mcc_misclassification,Matched,R1,0.0,0.0,0.0,Accurate fee verified against R1.,"Compliant transaction of Rs 2,016.68. Billed fee matches statutory rate schedule."
TXN_000190,2026-08-26 08:42:11,2018.77,UPI,bank_UPI,,,5045,B2B wholesale,True,True,False,0.02,0.0,0.0,above_20L,clean,Matched,R1,0.0,0.0,0.0,Accurate fee verified against R1.,"Compliant transaction of Rs 2,018.77. Billed fee matches statutory rate schedule."
TXN_000191,2026-08-15 16:32:37,54584.03,Card,Visa_credit,433333.0,corporate,5045,B2B wholesale,False,False,True,0.02,1528.35,275.1,above_20L,R10_l2_l3_downgrade,Matched,R10,1528.35,1528.35,0.0,Accurate fee verified against R10.,"Compliant transaction of Rs 54,584.03. Billed fee matches statutory rate schedule."
TXN_000192,2026-08-16 06:45:55,36752.7,Card,RuPay_debit,522222.0,premium_rewards,5045,B2B wholesale,True,True,True,0.02,0.0,0.0,above_20L,clean,Matched,R2,0.0,0.0,0.0,Accurate fee verified against R2.,"Compliant transaction of Rs 36,752.70. Billed fee matches statutory rate schedule."
TXN_000193,2026-08-22 12:46:40,11380.64,Card,Debit_non_rupay,,,5045,B2B wholesale,True,True,True,0.02,102.43,18.44,above_20L,clean,Matched,R8,102.43,102.43,0.0,Accurate fee verified against R8.,"Compliant transaction of Rs 11,380.64. Billed fee matches statutory rate schedule."
TXN_000194,2026-08-26 10:01:31,7263.65,UPI,bank_UPI,,,5045,B2B wholesale,True,True,False,0.02,0.0,0.0,above_20L,clean,Matched,R1,0.0,0.0,0.0,Accurate fee verified against R1.,"Compliant transaction of Rs 7,263.65. Billed fee matches statutory rate schedule."
TXN_000195,2026-08-15 10:29:14,2037.21,UPI,bank_UPI,,,5411,B2B wholesale,True,True,False,0.02,0.0,0.0,above_20L,R12_mcc_misclassification,Matched,R1,0.0,0.0,0.0,Accurate fee verified against R1.,"Compliant transaction of Rs 2,037.21. Billed fee matches statutory rate schedule."
TXN_000196,2026-08-16 21:13:11,20529.74,UPI,bank_UPI,,,5045,B2B wholesale,True,True,True,0.02,0.0,0.0,above_20L,clean,Matched,R1,0.0,0.0,0.0,Accurate fee verified against R1.,"Compliant transaction of Rs 20,529.74. Billed fee matches statutory rate schedule."
TXN_000197,2026-08-24 14:52:22,10436.63,Card,Mastercard_credit,411111.0,basic,5045,B2B wholesale,True,True,True,0.02,208.73,37.57,above_20L,clean,Flagged_For_Review,R9,208.73,208.73,0.0,Market credit card rate applied; requires bilateral MSA contract review.,"Credit card transaction of Rs 10,436.63 billed at flat market rate (Rs 208.73). Unverified against statutory caps; requires L2/L3 metadata or IC+ rate schedule."
TXN_000198,2026-08-24 00:38:56,2002.61,UPI,PPI_wallet_UPI,,,5045,B2B wholesale,True,True,False,0.02,22.03,3.97,above_20L,clean,Matched,R6c,22.03,22.03,0.0,Accurate fee verified against R6c.,"Compliant transaction of Rs 2,002.61. Billed fee matches statutory rate schedule."
TXN_000199,2026-08-16 05:58:54,2015.0,UPI,bank_UPI,,,5045,B2B wholesale,True,True,False,0.02,0.0,0.0,above_20L,clean,Matched,R1,0.0,0.0,0.0,Accurate fee verified against R1.,"Compliant transaction of Rs 2,015.00. Billed fee matches statutory rate schedule."
TXN_000200,2026-08-19 15:21:39,2012.97,UPI,PPI_wallet_UPI,,,5045,B2B wholesale,True,True,False,0.02,22.14,3.99,above_20L,clean,Matched,R6c,22.14,22.14,0.0,Accurate fee verified against R6c.,"Compliant transaction of Rs 2,012.97. Billed fee matches statutory rate schedule."
TXN_000201,2026-08-17 16:23:36,12220.07,UPI,bank_UPI,,,5045,B2B wholesale,True,True,True,0.02,0.0,0.0,above_20L,clean,Matched,R1,0.0,0.0,0.0,Accurate fee verified against R1.,"Compliant transaction of Rs 12,220.07. Billed fee matches statutory rate schedule."
TXN_000202,2026-08-22 12:00:07,46181.37,Card,Debit_non_rupay,,,5045,B2B wholesale,True,True,True,0.02,415.63,74.81,above_20L,clean,Matched,R8,415.63,415.63,0.0,Accurate fee verified against R8.,"Compliant transaction of Rs 46,181.37. Billed fee matches statutory rate schedule."
TXN_000203,2026-08-17 20:19:46,7491.84,UPI,PPI_wallet_UPI,,,5045,B2B wholesale,True,True,False,0.02,82.41,14.83,above_20L,clean,Matched,R6c,82.41,82.41,0.0,Accurate fee verified against R6c.,"Compliant transaction of Rs 7,491.84. Billed fee matches statutory rate schedule."
TXN_000204,2026-08-23 04:06:24,2001.71,UPI,bank_UPI,,,5045,B2B wholesale,True,True,False,0.02,0.0,0.0,above_20L,clean,Matched,R1,0.0,0.0,0.0,Accurate fee verified against R1.,"Compliant transaction of Rs 2,001.71. Billed fee matches statutory rate schedule."
TXN_000205,2026-08-25 20:19:34,2028.2,UPI,RuPay_credit_UPI,433333.0,corporate,5045,B2B wholesale,True,True,False,0.02,30.42,5.48,above_20L,clean,Matched,R4,30.42,30.42,0.0,Accurate fee verified against R4.,"Compliant transaction of Rs 2,028.20. Billed fee matches statutory rate schedule."
TXN_000206,2026-08-20 20:13:36,2021.22,UPI,bank_UPI,,,5411,B2B wholesale,True,True,False,0.02,0.0,0.0,above_20L,R12_mcc_misclassification,Matched,R1,0.0,0.0,0.0,Accurate fee verified against R1.,"Compliant transaction of Rs 2,021.22. Billed fee matches statutory rate schedule."
TXN_000207,2026-08-15 14:10:20,42961.15,UPI,bank_UPI,,,5045,B2B wholesale,True,True,True,0.02,0.0,0.0,above_20L,clean,Matched,R1,0.0,0.0,0.0,Accurate fee verified against R1.,"Compliant transaction of Rs 42,961.15. Billed fee matches statutory rate schedule."
TXN_000208,2026-08-30 02:12:30,59656.82,UPI,,,,5045,B2B wholesale,True,True,True,0.02,0.0,0.0,above_20L,exception_missing_tag,Exception,NONE,,0.0,,Missing sub_instrument routing tag; cannot verify applicable statutory MDR.,"Missing sub-instrument routing metadata for transaction of Rs 59,656.82. Fee cannot be verified against statutory caps until gateway provides complete instrument tags."
TXN_000209,2026-08-21 20:38:04,2032.37,UPI,bank_UPI,,,5045,B2B wholesale,True,True,False,0.02,0.0,0.0,above_20L,clean,Matched,R1,0.0,0.0,0.0,Accurate fee verified against R1.,"Compliant transaction of Rs 2,032.37. Billed fee matches statutory rate schedule."
TXN_000210,2026-08-16 07:00:59,2036.64,UPI,PPI_wallet_UPI,,,5045,B2B wholesale,True,True,False,0.02,22.4,4.03,above_20L,clean,Matched,R6c,22.4,22.4,0.0,Accurate fee verified against R6c.,"Compliant transaction of Rs 2,036.64. Billed fee matches statutory rate schedule."
TXN_000211,2026-08-26 02:12:08,53793.79,UPI,bank_UPI,,,5411,B2B wholesale,True,True,True,0.02,0.0,0.0,above_20L,R12_mcc_misclassification,Matched,R1,0.0,0.0,0.0,Accurate fee verified against R1.,"Compliant transaction of Rs 53,793.79. Billed fee matches statutory rate schedule."
TXN_000212,2026-08-15 15:51:27,9699.72,UPI,bank_UPI,,,5045,B2B wholesale,True,True,False,0.02,0.0,0.0,above_20L,clean,Matched,R1,0.0,0.0,0.0,Accurate fee verified against R1.,"Compliant transaction of Rs 9,699.72. Billed fee matches statutory rate schedule."
TXN_000213,2026-08-27 07:37:17,2029.44,UPI,RuPay_credit_UPI,522222.0,premium_rewards,5045,B2B wholesale,True,True,False,0.02,30.44,5.48,above_20L,clean,Matched,R4,30.44,30.44,0.0,Accurate fee verified against R4.,"Compliant transaction of Rs 2,029.44. Billed fee matches statutory rate schedule."
TXN_000214,2026-08-19 12:10:22,2030.67,UPI,RuPay_credit_UPI,411111.0,basic,5045,B2B wholesale,True,True,False,0.02,30.46,5.48,above_20L,clean,Matched,R4,30.46,30.46,0.0,Accurate fee verified against R4.,"Compliant transaction of Rs 2,030.67. Billed fee matches statutory rate schedule."
TXN_000215,2026-08-29 02:56:54,2006.16,UPI,bank_UPI,,,5411,B2B wholesale,True,True,False,0.02,0.0,0.0,above_20L,R12_mcc_misclassification,Matched,R1,0.0,0.0,0.0,Accurate fee verified against R1.,"Compliant transaction of Rs 2,006.16. Billed fee matches statutory rate schedule."
TXN_000216,2026-08-22 20:15:42,2019.2,UPI,bank_UPI,,,5045,B2B wholesale,True,True,False,0.02,0.0,0.0,above_20L,clean,Matched,R1,0.0,0.0,0.0,Accurate fee verified against R1.,"Compliant transaction of Rs 2,019.20. Billed fee matches statutory rate schedule."
TXN_000217,2026-08-15 09:41:47,44856.36,UPI,bank_UPI,,,5045,B2B wholesale,True,True,True,0.02,0.0,0.0,above_20L,clean,Matched,R1,0.0,0.0,0.0,Accurate fee verified against R1.,"Compliant transaction of Rs 44,856.36. Billed fee matches statutory rate schedule."
TXN_000218,2026-08-20 07:29:37,9509.48,Card,Debit_non_rupay,,,5045,B2B wholesale,True,True,False,0.02,85.59,15.41,above_20L,clean,Matched,R8,85.59,85.59,0.0,Accurate fee verified against R8.,"Compliant transaction of Rs 9,509.48. Billed fee matches statutory rate schedule."
TXN_000219,2026-08-23 10:48:38,2028.31,UPI,PPI_wallet_UPI,,,5045,B2B wholesale,True,True,False,0.02,22.31,4.02,above_20L,clean,Matched,R6c,22.31,22.31,0.0,Accurate fee verified against R6c.,"Compliant transaction of Rs 2,028.31. Billed fee matches statutory rate schedule."
TXN_000220,2026-08-18 02:30:56,2009.07,UPI,bank_UPI,,,5045,B2B wholesale,True,True,False,0.02,0.0,0.0,above_20L,clean,Matched,R1,0.0,0.0,0.0,Accurate fee verified against R1.,"Compliant transaction of Rs 2,009.07. Billed fee matches statutory rate schedule."
TXN_000221,2026-08-25 06:48:04,48933.35,Card,Mastercard_credit,607222.0,corporate,5045,B2B wholesale,False,False,True,0.02,1370.14,246.63,above_20L,R10_l2_l3_downgrade,Matched,R10,1370.13,1370.14,0.01,Accurate fee verified against R10.,"Compliant transaction of Rs 48,933.35. Billed fee matches statutory rate schedule."
TXN_000222,2026-08-28 11:53:55,26334.5,Card,RuPay_debit,411111.0,basic,5045,B2B wholesale,True,True,True,0.02,0.0,0.0,above_20L,clean,Matched,R2,0.0,0.0,0.0,Accurate fee verified against R2.,"Compliant transaction of Rs 26,334.50. Billed fee matches statutory rate schedule."
TXN_000223,2026-08-22 14:22:29,23227.13,Card,RuPay_debit,522222.0,premium_rewards,5045,B2B wholesale,True,True,True,0.02,0.0,0.0,above_20L,clean,Matched,R2,0.0,0.0,0.0,Accurate fee verified against R2.,"Compliant transaction of Rs 23,227.13. Billed fee matches statutory rate schedule."
TXN_000224,2026-08-23 03:12:58,2024.26,UPI,bank_UPI,,,5045,B2B wholesale,True,True,False,0.02,0.0,0.0,above_20L,clean,Matched,R1,0.0,0.0,0.0,Accurate fee verified against R1.,"Compliant transaction of Rs 2,024.26. Billed fee matches statutory rate schedule."
TXN_000225,2026-08-16 00:19:12,2029.6,UPI,bank_UPI,,,5045,B2B wholesale,True,True,False,0.02,0.0,0.0,above_20L,clean,Matched,R1,0.0,0.0,0.0,Accurate fee verified against R1.,"Compliant transaction of Rs 2,029.60. Billed fee matches statutory rate schedule."
TXN_000226,2026-08-28 08:49:44,51305.33,Card,Mastercard_credit,607222.0,corporate,5045,B2B wholesale,True,True,True,0.02,1026.11,184.7,above_20L,clean,Flagged_For_Review,R9,1026.11,1026.11,0.0,Market credit card rate applied; requires bilateral MSA contract review.,"Credit card transaction of Rs 51,305.33 billed at flat market rate (Rs 1,026.11). Unverified against statutory caps; requires L2/L3 metadata or IC+ rate schedule."
TXN_000227,2026-08-17 19:39:24,2029.54,UPI,bank_UPI,,,5045,B2B wholesale,True,True,False,0.02,0.0,0.0,above_20L,clean,Matched,R1,0.0,0.0,0.0,Accurate fee verified against R1.,"Compliant transaction of Rs 2,029.54. Billed fee matches statutory rate schedule."
TXN_000228,2026-08-27 07:38:11,2012.99,UPI,bank_UPI,,,5411,B2B wholesale,True,True,False,0.02,0.0,0.0,above_20L,R12_mcc_misclassification,Matched,R1,0.0,0.0,0.0,Accurate fee verified against R1.,"Compliant transaction of Rs 2,012.99. Billed fee matches statutory rate schedule."
TXN_000229,2026-08-23 23:42:47,3829.5,Card,Debit_non_rupay,,,5045,B2B wholesale,True,True,False,0.02,34.47,6.2,above_20L,clean,Matched,R8,34.47,34.47,0.0,Accurate fee verified against R8.,"Compliant transaction of Rs 3,829.50. Billed fee matches statutory rate schedule."
TXN_000230,2026-08-21 18:50:13,2024.84,UPI,bank_UPI,,,5045,B2B wholesale,True,True,False,0.02,0.0,0.0,above_20L,clean,Matched,R1,0.0,0.0,0.0,Accurate fee verified against R1.,"Compliant transaction of Rs 2,024.84. Billed fee matches statutory rate schedule."
TXN_000231,2026-08-19 16:19:19,2033.45,UPI,bank_UPI,,,5045,B2B wholesale,True,True,False,0.02,0.0,0.0,above_20L,clean,Matched,R1,0.0,0.0,0.0,Accurate fee verified against R1.,"Compliant transaction of Rs 2,033.45. Billed fee matches statutory rate schedule."
TXN_000232,2026-08-21 20:32:16,30131.98,Card,RuPay_debit,433333.0,corporate,5045,B2B wholesale,True,True,True,0.02,0.0,0.0,above_20L,clean,Matched,R2,0.0,0.0,0.0,Accurate fee verified against R2.,"Compliant transaction of Rs 30,131.98. Billed fee matches statutory rate schedule."
TXN_000233,2026-08-22 14:36:12,46953.06,UPI,bank_UPI,,,5045,B2B wholesale,True,True,True,0.02,0.0,0.0,above_20L,clean,Matched,R1,0.0,0.0,0.0,Accurate fee verified against R1.,"Compliant transaction of Rs 46,953.06. Billed fee matches statutory rate schedule."
TXN_000234,2026-08-21 00:13:11,2035.59,UPI,bank_UPI,,,5045,B2B wholesale,True,True,False,0.02,0.0,0.0,above_20L,clean,Matched,R1,0.0,0.0,0.0,Accurate fee verified against R1.,"Compliant transaction of Rs 2,035.59. Billed fee matches statutory rate schedule."
TXN_000235,2026-08-22 10:32:19,2002.68,UPI,bank_UPI,,,5045,B2B wholesale,True,True,False,0.02,0.0,0.0,above_20L,clean,Matched,R1,0.0,0.0,0.0,Accurate fee verified against R1.,"Compliant transaction of Rs 2,002.68. Billed fee matches statutory rate schedule."
TXN_000236,2026-08-29 07:55:36,47571.64,Card,RuPay_debit,607222.0,corporate,5411,B2B wholesale,True,True,True,0.02,0.0,0.0,above_20L,R12_mcc_misclassification,Matched,R2,0.0,0.0,0.0,Accurate fee verified against R2.,"Compliant transaction of Rs 47,571.64. Billed fee matches statutory rate schedule."
TXN_000237,2026-08-22 12:47:59,24952.5,UPI,bank_UPI,,,5045,B2B wholesale,True,True,True,0.02,0.0,0.0,above_20L,clean,Matched,R1,0.0,0.0,0.0,Accurate fee verified against R1.,"Compliant transaction of Rs 24,952.50. Billed fee matches statutory rate schedule."
TXN_000238,2026-08-29 22:26:42,2023.13,UPI,PPI_wallet_UPI,,,5045,B2B wholesale,True,True,False,0.02,22.25,4.0,above_20L,clean,Matched,R6c,22.25,22.25,0.0,Accurate fee verified against R6c.,"Compliant transaction of Rs 2,023.13. Billed fee matches statutory rate schedule."
TXN_000239,2026-08-16 11:03:14,35205.49,Card,Debit_non_rupay,,,5045,B2B wholesale,True,True,True,0.02,316.85,57.03,above_20L,clean,Matched,R8,316.85,316.85,0.0,Accurate fee verified against R8.,"Compliant transaction of Rs 35,205.49. Billed fee matches statutory rate schedule."
TXN_000240,2026-08-24 14:21:17,53717.76,Card,RuPay_debit,433333.0,corporate,5045,B2B wholesale,True,True,True,0.02,0.0,0.0,above_20L,clean,Matched,R2,0.0,0.0,0.0,Accurate fee verified against R2.,"Compliant transaction of Rs 53,717.76. Billed fee matches statutory rate schedule."
TXN_000241,2026-08-19 02:34:33,30856.09,Card,Mastercard_credit,607222.0,corporate,5045,B2B wholesale,False,False,True,0.02,863.97,155.51,above_20L,R10_l2_l3_downgrade,Matched,R10,863.97,863.97,0.0,Accurate fee verified against R10.,"Compliant transaction of Rs 30,856.09. Billed fee matches statutory rate schedule."
TXN_000242,2026-08-19 19:45:14,21402.77,Card,Debit_non_rupay,,,5045,B2B wholesale,True,True,True,0.02,192.62,34.67,above_20L,clean,Matched,R8,192.62,192.62,0.0,Accurate fee verified against R8.,"Compliant transaction of Rs 21,402.77. Billed fee matches statutory rate schedule."
TXN_000243,2026-08-21 12:31:06,2028.73,UPI,PPI_wallet_UPI,,,5045,B2B wholesale,True,True,False,0.02,22.32,4.02,above_20L,clean,Matched,R6c,22.32,22.32,0.0,Accurate fee verified against R6c.,"Compliant transaction of Rs 2,028.73. Billed fee matches statutory rate schedule."
TXN_000244,2026-08-25 08:04:50,2028.06,UPI,bank_UPI,,,5045,B2B wholesale,True,True,False,0.02,0.0,0.0,above_20L,clean,Matched,R1,0.0,0.0,0.0,Accurate fee verified against R1.,"Compliant transaction of Rs 2,028.06. Billed fee matches statutory rate schedule."
TXN_000245,2026-08-26 21:20:51,2011.63,UPI,RuPay_credit_UPI,533333.0,corporate,5045,B2B wholesale,True,True,False,0.02,30.17,5.43,above_20L,clean,Matched,R4,30.17,30.17,0.0,Accurate fee verified against R4.,"Compliant transaction of Rs 2,011.63. Billed fee matches statutory rate schedule."
TXN_000246,2026-08-19 18:06:12,9837.01,Card,,607111.0,basic,5045,B2B wholesale,True,True,False,0.02,196.74,35.41,above_20L,exception_missing_tag,Exception,NONE,,196.74,,Missing sub_instrument routing tag; cannot verify applicable statutory MDR.,"Missing sub-instrument routing metadata for transaction of Rs 9,837.01. Fee cannot be verified against statutory caps until gateway provides complete instrument tags."
TXN_000247,2026-08-21 03:41:21,2021.09,UPI,bank_UPI,,,5411,B2B wholesale,True,True,False,0.02,0.0,0.0,above_20L,R12_mcc_misclassification,Matched,R1,0.0,0.0,0.0,Accurate fee verified against R1.,"Compliant transaction of Rs 2,021.09. Billed fee matches statutory rate schedule."
TXN_000248,2026-08-16 23:46:29,22341.29,UPI,,,,5045,B2B wholesale,True,True,True,0.02,0.0,0.0,above_20L,exception_missing_tag,Exception,NONE,,0.0,,Missing sub_instrument routing tag; cannot verify applicable statutory MDR.,"Missing sub-instrument routing metadata for transaction of Rs 22,341.29. Fee cannot be verified against statutory caps until gateway provides complete instrument tags."
TXN_000249,2026-08-29 15:42:08,2037.63,UPI,,,,5045,B2B wholesale,True,True,False,0.02,0.0,0.0,above_20L,exception_missing_tag,Exception,NONE,,0.0,,Missing sub_instrument routing tag; cannot verify applicable statutory MDR.,"Missing sub-instrument routing metadata for transaction of Rs 2,037.63. Fee cannot be verified against statutory caps until gateway provides complete instrument tags."
TXN_000250,2026-08-15 10:37:41,31186.24,UPI,bank_UPI,,,5045,B2B wholesale,True,True,True,0.02,0.0,0.0,above_20L,clean,Matched,R1,0.0,0.0,0.0,Accurate fee verified against R1.,"Compliant transaction of Rs 31,186.24. Billed fee matches statutory rate schedule."
TXN_000251,2026-08-20 22:46:14,2029.63,UPI,bank_UPI,,,5045,B2B wholesale,True,True,False,0.02,0.0,0.0,above_20L,clean,Matched,R1,0.0,0.0,0.0,Accurate fee verified against R1.,"Compliant transaction of Rs 2,029.63. Billed fee matches statutory rate schedule."
TXN_000252,2026-08-17 16:52:31,56401.18,Card,Mastercard_credit,607111.0,basic,5045,B2B wholesale,True,True,True,0.02,1128.02,203.04,above_20L,clean,Flagged_For_Review,R9,1128.02,1128.02,0.0,Market credit card rate applied; requires bilateral MSA contract review.,"Credit card transaction of Rs 56,401.18 billed at flat market rate (Rs 1,128.02). Unverified against statutory caps; requires L2/L3 metadata or IC+ rate schedule."
TXN_000253,2026-08-22 11:10:27,2013.3,UPI,RuPay_credit_UPI,533333.0,corporate,5045,B2B wholesale,True,True,False,0.02,30.2,5.44,above_20L,clean,Matched,R4,30.2,30.2,0.0,Accurate fee verified against R4.,"Compliant transaction of Rs 2,013.30. Billed fee matches statutory rate schedule."
TXN_000254,2026-08-19 04:54:05,2000.97,UPI,bank_UPI,,,5411,B2B wholesale,True,True,False,0.02,0.0,0.0,above_20L,R12_mcc_misclassification,Matched,R1,0.0,0.0,0.0,Accurate fee verified against R1.,"Compliant transaction of Rs 2,000.97. Billed fee matches statutory rate schedule."
TXN_000255,2026-08-24 21:29:26,53909.02,Card,Visa_credit,433333.0,corporate,5045,B2B wholesale,True,True,True,0.02,1078.18,194.07,above_20L,clean,Flagged_For_Review,R9,1078.18,1078.18,0.0,Market credit card rate applied; requires bilateral MSA contract review.,"Credit card transaction of Rs 53,909.02 billed at flat market rate (Rs 1,078.18). Unverified against statutory caps; requires L2/L3 metadata or IC+ rate schedule."
TXN_000256,2026-08-30 05:55:59,2005.66,UPI,RuPay_credit_UPI,511111.0,basic,5045,B2B wholesale,True,True,False,0.02,30.08,5.41,above_20L,clean,Matched,R4,30.08,30.08,0.0,Accurate fee verified against R4.,"Compliant transaction of Rs 2,005.66. Billed fee matches statutory rate schedule."
TXN_000257,2026-08-21 05:45:38,27971.19,UPI,bank_UPI,,,5045,B2B wholesale,True,True,True,0.02,0.0,0.0,above_20L,clean,Matched,R1,0.0,0.0,0.0,Accurate fee verified against R1.,"Compliant transaction of Rs 27,971.19. Billed fee matches statutory rate schedule."
TXN_000258,2026-08-15 17:53:57,3387.89,Card,RuPay_debit,511111.0,basic,5045,B2B wholesale,True,True,False,0.02,0.0,0.0,above_20L,clean,Matched,R2,0.0,0.0,0.0,Accurate fee verified against R2.,"Compliant transaction of Rs 3,387.89. Billed fee matches statutory rate schedule."
TXN_000259,2026-08-29 02:03:21,11951.68,Card,RuPay_debit,607111.0,basic,5045,B2B wholesale,True,True,True,0.02,0.0,0.0,above_20L,clean,Matched,R2,0.0,0.0,0.0,Accurate fee verified against R2.,"Compliant transaction of Rs 11,951.68. Billed fee matches statutory rate schedule."
TXN_000260,2026-08-22 23:52:20,2003.15,UPI,bank_UPI,,,5045,B2B wholesale,True,True,False,0.02,0.0,0.0,above_20L,clean,Matched,R1,0.0,0.0,0.0,Accurate fee verified against R1.,"Compliant transaction of Rs 2,003.15. Billed fee matches statutory rate schedule."
TXN_000261,2026-08-19 20:02:06,53115.77,UPI,PPI_wallet_UPI,,,5045,B2B wholesale,True,True,True,0.02,584.27,105.17,above_20L,clean,Matched,R6c,584.27,584.27,0.0,Accurate fee verified against R6c.,"Compliant transaction of Rs 53,115.77. Billed fee matches statutory rate schedule."
TXN_000262,2026-08-18 00:46:12,45729.93,Card,Visa_credit,533333.0,corporate,5045,B2B wholesale,False,False,True,0.02,1280.44,230.48,above_20L,R10_l2_l3_downgrade,Matched,R10,1280.44,1280.44,0.0,Accurate fee verified against R10.,"Compliant transaction of Rs 45,729.93. Billed fee matches statutory rate schedule."
TXN_000263,2026-08-25 06:55:06,2032.92,UPI,PPI_wallet_UPI,,,5045,B2B wholesale,True,True,False,0.02,22.36,4.02,above_20L,clean,Matched,R6c,22.36,22.36,0.0,Accurate fee verified against R6c.,"Compliant transaction of Rs 2,032.92. Billed fee matches statutory rate schedule."
TXN_000264,2026-08-27 02:46:08,15941.58,Card,,607222.0,corporate,5045,B2B wholesale,True,True,True,0.02,318.83,57.39,above_20L,exception_missing_tag,Exception,NONE,,318.83,,Missing sub_instrument routing tag; cannot verify applicable statutory MDR.,"Missing sub-instrument routing metadata for transaction of Rs 15,941.58. Fee cannot be verified against statutory caps until gateway provides complete instrument tags."
TXN_000265,2026-08-22 06:49:28,19530.69,Card,RuPay_debit,433333.0,corporate,5045,B2B wholesale,False,False,True,0.02,156.25,28.12,above_20L,R10_l2_l3_downgrade,Leaked,R10,546.86,156.25,-390.61,"Statutory disparity against R10: expected Rs 546.86, charged Rs 156.25.",Statutory fee overcharge of Rs -390.61 detected under rule R10. Charged fee of Rs 156.25 exceeds statutory cap/expected fee of Rs 546.86.
TXN_000266,2026-08-25 00:24:38,2025.54,UPI,bank_UPI,,,5411,B2B wholesale,True,True,False,0.02,0.0,0.0,above_20L,R12_mcc_misclassification,Matched,R1,0.0,0.0,0.0,Accurate fee verified against R1.,"Compliant transaction of Rs 2,025.54. Billed fee matches statutory rate schedule."
TXN_000267,2026-08-18 18:26:19,2010.96,UPI,RuPay_credit_UPI,522222.0,premium_rewards,5045,B2B wholesale,True,True,False,0.02,30.16,5.43,above_20L,clean,Matched,R4,30.16,30.16,0.0,Accurate fee verified against R4.,"Compliant transaction of Rs 2,010.96. Billed fee matches statutory rate schedule."
TXN_000268,2026-08-20 15:29:49,2000.71,UPI,bank_UPI,,,5411,B2B wholesale,True,True,False,0.02,0.0,0.0,above_20L,R12_mcc_misclassification,Matched,R1,0.0,0.0,0.0,Accurate fee verified against R1.,"Compliant transaction of Rs 2,000.71. Billed fee matches statutory rate schedule."
TXN_000269,2026-08-26 18:05:58,2020.77,UPI,bank_UPI,,,5045,B2B wholesale,True,True,False,0.02,0.0,0.0,above_20L,clean,Matched,R1,0.0,0.0,0.0,Accurate fee verified against R1.,"Compliant transaction of Rs 2,020.77. Billed fee matches statutory rate schedule."
TXN_000270,2026-08-18 08:44:46,23378.03,Card,RuPay_debit,607222.0,corporate,5045,B2B wholesale,True,True,True,0.02,0.0,0.0,above_20L,clean,Matched,R2,0.0,0.0,0.0,Accurate fee verified against R2.,"Compliant transaction of Rs 23,378.03. Billed fee matches statutory rate schedule."
TXN_000271,2026-08-28 01:28:00,3341.33,Card,Mastercard_credit,511111.0,basic,5045,B2B wholesale,True,True,False,0.02,66.83,12.03,above_20L,clean,Flagged_For_Review,R9,66.83,66.83,0.0,Market credit card rate applied; requires bilateral MSA contract review.,"Credit card transaction of Rs 3,341.33 billed at flat market rate (Rs 66.83). Unverified against statutory caps; requires L2/L3 metadata or IC+ rate schedule."
TXN_000272,2026-08-16 15:47:11,45559.63,UPI,bank_UPI,,,5411,B2B wholesale,True,True,True,0.02,0.0,0.0,above_20L,R12_mcc_misclassification,Matched,R1,0.0,0.0,0.0,Accurate fee verified against R1.,"Compliant transaction of Rs 45,559.63. Billed fee matches statutory rate schedule."
TXN_000273,2026-08-22 14:03:37,19596.43,Card,RuPay_debit,533333.0,corporate,5045,B2B wholesale,True,True,True,0.02,0.0,0.0,above_20L,clean,Matched,R2,0.0,0.0,0.0,Accurate fee verified against R2.,"Compliant transaction of Rs 19,596.43. Billed fee matches statutory rate schedule."
TXN_000274,2026-08-18 22:57:48,46782.98,Card,Visa_credit,533333.0,corporate,5045,B2B wholesale,True,True,True,0.02,935.66,168.42,above_20L,clean,Flagged_For_Review,R9,935.66,935.66,0.0,Market credit card rate applied; requires bilateral MSA contract review.,"Credit card transaction of Rs 46,782.98 billed at flat market rate (Rs 935.66). Unverified against statutory caps; requires L2/L3 metadata or IC+ rate schedule."
TXN_000275,2026-08-15 19:48:00,19196.77,UPI,bank_UPI,,,5045,B2B wholesale,True,True,True,0.02,0.0,0.0,above_20L,clean,Matched,R1,0.0,0.0,0.0,Accurate fee verified against R1.,"Compliant transaction of Rs 19,196.77. Billed fee matches statutory rate schedule."
TXN_000276,2026-08-21 13:03:43,40475.38,UPI,bank_UPI,,,5045,B2B wholesale,True,True,True,0.02,0.0,0.0,above_20L,clean,Matched,R1,0.0,0.0,0.0,Accurate fee verified against R1.,"Compliant transaction of Rs 40,475.38. Billed fee matches statutory rate schedule."
TXN_000277,2026-08-25 21:43:41,2029.65,UPI,bank_UPI,,,5045,B2B wholesale,True,True,False,0.02,0.0,0.0,above_20L,clean,Matched,R1,0.0,0.0,0.0,Accurate fee verified against R1.,"Compliant transaction of Rs 2,029.65. Billed fee matches statutory rate schedule."
TXN_000278,2026-08-24 16:11:22,6685.86,Card,Visa_credit,422222.0,premium_rewards,5045,B2B wholesale,True,True,False,0.02,133.72,24.07,above_20L,clean,Flagged_For_Review,R9,133.72,133.72,0.0,Market credit card rate applied; requires bilateral MSA contract review.,"Credit card transaction of Rs 6,685.86 billed at flat market rate (Rs 133.72). Unverified against statutory caps; requires L2/L3 metadata or IC+ rate schedule."
TXN_000279,2026-08-17 21:38:12,56297.51,Card,Mastercard_credit,411111.0,basic,5045,B2B wholesale,True,True,True,0.02,1125.95,202.67,above_20L,clean,Flagged_For_Review,R9,1125.95,1125.95,0.0,Market credit card rate applied; requires bilateral MSA contract review.,"Credit card transaction of Rs 56,297.51 billed at flat market rate (Rs 1,125.95). Unverified against statutory caps; requires L2/L3 metadata or IC+ rate schedule."
TXN_000280,2026-08-18 04:06:37,2000.63,UPI,,522222.0,premium_rewards,5045,B2B wholesale,True,True,False,0.02,30.01,5.4,above_20L,exception_missing_tag,Exception,NONE,,30.01,,Missing sub_instrument routing tag; cannot verify applicable statutory MDR.,"Missing sub-instrument routing metadata for transaction of Rs 2,000.63. Fee cannot be verified against statutory caps until gateway provides complete instrument tags."
TXN_000281,2026-08-29 17:30:53,34218.58,UPI,PPI_wallet_UPI,,,5045,B2B wholesale,True,True,True,0.02,376.4,67.75,above_20L,clean,Matched,R6c,376.4,376.4,0.0,Accurate fee verified against R6c.,"Compliant transaction of Rs 34,218.58. Billed fee matches statutory rate schedule."
TXN_000282,2026-08-25 08:53:44,2005.82,UPI,RuPay_credit_UPI,422222.0,premium_rewards,5045,B2B wholesale,True,True,False,0.02,30.09,5.42,above_20L,clean,Matched,R4,30.09,30.09,0.0,Accurate fee verified against R4.,"Compliant transaction of Rs 2,005.82. Billed fee matches statutory rate schedule."
TXN_000283,2026-08-24 07:57:04,43112.95,UPI,bank_UPI,,,5411,B2B wholesale,True,True,True,0.02,0.0,0.0,above_20L,R12_mcc_misclassification,Matched,R1,0.0,0.0,0.0,Accurate fee verified against R1.,"Compliant transaction of Rs 43,112.95. Billed fee matches statutory rate schedule."
TXN_000284,2026-08-19 12:48:50,27816.82,Card,Debit_non_rupay,,,5045,B2B wholesale,True,True,True,0.02,250.35,45.06,above_20L,clean,Matched,R8,250.35,250.35,0.0,Accurate fee verified against R8.,"Compliant transaction of Rs 27,816.82. Billed fee matches statutory rate schedule."
TXN_000285,2026-08-22 08:23:58,34237.91,UPI,RuPay_credit_UPI,511111.0,basic,5045,B2B wholesale,True,True,True,0.02,513.57,92.44,above_20L,clean,Matched,R4,513.57,513.57,0.0,Accurate fee verified against R4.,"Compliant transaction of Rs 34,237.91. Billed fee matches statutory rate schedule."
TXN_000286,2026-08-18 18:48:21,11063.7,UPI,bank_UPI,,,5045,B2B wholesale,True,True,True,0.02,0.0,0.0,above_20L,clean,Matched,R1,0.0,0.0,0.0,Accurate fee verified against R1.,"Compliant transaction of Rs 11,063.70. Billed fee matches statutory rate schedule."
TXN_000287,2026-08-25 20:59:11,2035.35,UPI,PPI_wallet_UPI,,,5045,B2B wholesale,True,True,False,0.02,22.39,4.03,above_20L,clean,Matched,R6c,22.39,22.39,0.0,Accurate fee verified against R6c.,"Compliant transaction of Rs 2,035.35. Billed fee matches statutory rate schedule."
TXN_000288,2026-08-17 13:27:04,2008.65,UPI,bank_UPI,,,5045,B2B wholesale,True,True,False,0.02,0.0,0.0,above_20L,clean,Matched,R1,0.0,0.0,0.0,Accurate fee verified against R1.,"Compliant transaction of Rs 2,008.65. Billed fee matches statutory rate schedule."
TXN_000289,2026-08-21 21:52:30,21818.0,Card,RuPay_debit,411111.0,basic,5045,B2B wholesale,True,True,True,0.02,0.0,0.0,above_20L,clean,Matched,R2,0.0,0.0,0.0,Accurate fee verified against R2.,"Compliant transaction of Rs 21,818.00. Billed fee matches statutory rate schedule."
TXN_000290,2026-08-24 14:29:58,41762.26,UPI,,533333.0,corporate,5045,B2B wholesale,True,True,True,0.02,626.43,112.76,above_20L,exception_missing_tag,Exception,NONE,,626.43,,Missing sub_instrument routing tag; cannot verify applicable statutory MDR.,"Missing sub-instrument routing metadata for transaction of Rs 41,762.26. Fee cannot be verified against statutory caps until gateway provides complete instrument tags."
TXN_000291,2026-08-16 20:54:38,53682.77,Card,RuPay_debit,411111.0,basic,5045,B2B wholesale,True,True,True,0.02,0.0,0.0,above_20L,clean,Matched,R2,0.0,0.0,0.0,Accurate fee verified against R2.,"Compliant transaction of Rs 53,682.77. Billed fee matches statutory rate schedule."
TXN_000292,2026-08-17 17:10:52,10842.64,Card,Visa_credit,411111.0,basic,5045,B2B wholesale,True,True,True,0.02,216.85,39.03,above_20L,clean,Flagged_For_Review,R9,216.85,216.85,0.0,Market credit card rate applied; requires bilateral MSA contract review.,"Credit card transaction of Rs 10,842.64 billed at flat market rate (Rs 216.85). Unverified against statutory caps; requires L2/L3 metadata or IC+ rate schedule."
TXN_000293,2026-08-25 14:44:01,2034.41,UPI,bank_UPI,,,5045,B2B wholesale,True,True,False,0.02,0.0,0.0,above_20L,clean,Matched,R1,0.0,0.0,0.0,Accurate fee verified against R1.,"Compliant transaction of Rs 2,034.41. Billed fee matches statutory rate schedule."
TXN_000294,2026-08-26 10:11:04,45000.35,UPI,PPI_wallet_UPI,,,5045,B2B wholesale,True,True,True,0.02,495.0,89.1,above_20L,clean,Matched,R6c,495.0,495.0,0.0,Accurate fee verified against R6c.,"Compliant transaction of Rs 45,000.35. Billed fee matches statutory rate schedule."
TXN_000295,2026-08-28 23:38:07,2021.57,UPI,PPI_wallet_UPI,,,5045,B2B wholesale,True,True,False,0.02,22.24,4.0,above_20L,clean,Matched,R6c,22.24,22.24,0.0,Accurate fee verified against R6c.,"Compliant transaction of Rs 2,021.57. Billed fee matches statutory rate schedule."
TXN_000296,2026-08-17 22:15:58,16601.66,UPI,bank_UPI,,,5411,B2B wholesale,True,True,True,0.02,0.0,0.0,above_20L,R12_mcc_misclassification,Matched,R1,0.0,0.0,0.0,Accurate fee verified against R1.,"Compliant transaction of Rs 16,601.66. Billed fee matches statutory rate schedule."
TXN_000297,2026-08-29 14:25:09,2038.39,UPI,bank_UPI,,,5411,B2B wholesale,True,True,False,0.02,0.0,0.0,above_20L,R12_mcc_misclassification,Matched,R1,0.0,0.0,0.0,Accurate fee verified against R1.,"Compliant transaction of Rs 2,038.39. Billed fee matches statutory rate schedule."
TXN_000298,2026-08-28 21:57:13,2035.02,UPI,RuPay_credit_UPI,433333.0,corporate,5045,B2B wholesale,False,False,False,0.02,46.81,8.43,above_20L,R10_l2_l3_downgrade,Leaked,R4,30.53,46.81,16.28,"Statutory disparity against R4: expected Rs 30.53, charged Rs 46.81.",Statutory fee overcharge of Rs 16.28 detected under rule R4. Charged fee of Rs 46.81 exceeds statutory cap/expected fee of Rs 30.53.
TXN_000299,2026-08-28 04:33:54,22721.64,Card,RuPay_debit,422222.0,premium_rewards,5045,B2B wholesale,True,True,True,0.02,0.0,0.0,above_20L,clean,Matched,R2,0.0,0.0,0.0,Accurate fee verified against R2.,"Compliant transaction of Rs 22,721.64. Billed fee matches statutory rate schedule."
TXN_000300,2026-08-24 06:45:06,2022.9,UPI,bank_UPI,,,5045,B2B wholesale,True,True,False,0.02,0.0,0.0,above_20L,clean,Matched,R1,0.0,0.0,0.0,Accurate fee verified against R1.,"Compliant transaction of Rs 2,022.90. Billed fee matches statutory rate schedule."
TXN_000301,2026-08-26 19:09:06,13909.36,Card,RuPay_debit,533333.0,corporate,5045,B2B wholesale,True,True,True,0.02,0.0,0.0,above_20L,clean,Matched,R2,0.0,0.0,0.0,Accurate fee verified against R2.,"Compliant transaction of Rs 13,909.36. Billed fee matches statutory rate schedule."
TXN_000302,2026-08-16 14:39:07,2005.75,UPI,bank_UPI,,,5045,B2B wholesale,True,True,False,0.02,0.0,0.0,above_20L,clean,Matched,R1,0.0,0.0,0.0,Accurate fee verified against R1.,"Compliant transaction of Rs 2,005.75. Billed fee matches statutory rate schedule."
TXN_000303,2026-08-24 23:23:53,2000.31,UPI,bank_UPI,,,5045,B2B wholesale,True,True,False,0.02,0.0,0.0,above_20L,clean,Matched,R1,0.0,0.0,0.0,Accurate fee verified against R1.,"Compliant transaction of Rs 2,000.31. Billed fee matches statutory rate schedule."
TXN_000304,2026-08-18 03:05:11,2021.79,UPI,bank_UPI,,,5045,B2B wholesale,True,True,False,0.02,0.0,0.0,above_20L,clean,Matched,R1,0.0,0.0,0.0,Accurate fee verified against R1.,"Compliant transaction of Rs 2,021.79. Billed fee matches statutory rate schedule."
TXN_000305,2026-08-23 20:56:54,26666.95,Card,Visa_credit,422222.0,premium_rewards,5411,B2B wholesale,True,True,True,0.02,533.34,96.0,above_20L,R12_mcc_misclassification,Flagged_For_Review,R9,533.34,533.34,0.0,Market credit card rate applied; requires bilateral MSA contract review.,"Credit card transaction of Rs 26,666.95 billed at flat market rate (Rs 533.34). Unverified against statutory caps; requires L2/L3 metadata or IC+ rate schedule."
TXN_000306,2026-08-29 16:33:11,2005.44,UPI,bank_UPI,,,5045,B2B wholesale,True,True,False,0.02,0.0,0.0,above_20L,clean,Matched,R1,0.0,0.0,0.0,Accurate fee verified against R1.,"Compliant transaction of Rs 2,005.44. Billed fee matches statutory rate schedule."
TXN_000307,2026-08-15 18:24:43,32304.64,Card,Visa_credit,411111.0,basic,5411,B2B wholesale,True,True,True,0.02,646.09,116.3,above_20L,R12_mcc_misclassification,Flagged_For_Review,R9,646.09,646.09,0.0,Market credit card rate applied; requires bilateral MSA contract review.,"Credit card transaction of Rs 32,304.64 billed at flat market rate (Rs 646.09). Unverified against statutory caps; requires L2/L3 metadata or IC+ rate schedule."
TXN_000308,2026-08-22 12:15:01,24188.05,Card,RuPay_debit,411111.0,basic,5045,B2B wholesale,True,True,True,0.02,0.0,0.0,above_20L,clean,Matched,R2,0.0,0.0,0.0,Accurate fee verified against R2.,"Compliant transaction of Rs 24,188.05. Billed fee matches statutory rate schedule."
TXN_000309,2026-08-18 17:02:33,2004.28,UPI,PPI_wallet_UPI,,,5045,B2B wholesale,True,True,False,0.02,22.05,3.97,above_20L,clean,Matched,R6c,22.05,22.05,0.0,Accurate fee verified against R6c.,"Compliant transaction of Rs 2,004.28. Billed fee matches statutory rate schedule."
TXN_000310,2026-08-19 04:52:29,2021.31,UPI,bank_UPI,,,5045,B2B wholesale,True,True,False,0.02,0.0,0.0,above_20L,clean,Matched,R1,0.0,0.0,0.0,Accurate fee verified against R1.,"Compliant transaction of Rs 2,021.31. Billed fee matches statutory rate schedule."
TXN_000311,2026-08-26 13:14:32,2000.22,UPI,bank_UPI,,,5045,B2B wholesale,True,True,False,0.02,0.0,0.0,above_20L,clean,Matched,R1,0.0,0.0,0.0,Accurate fee verified against R1.,"Compliant transaction of Rs 2,000.22. Billed fee matches statutory rate schedule."
TXN_000312,2026-08-23 01:20:46,2017.58,UPI,bank_UPI,,,5045,B2B wholesale,True,True,False,0.02,0.0,0.0,above_20L,clean,Matched,R1,0.0,0.0,0.0,Accurate fee verified against R1.,"Compliant transaction of Rs 2,017.58. Billed fee matches statutory rate schedule."
TXN_000313,2026-08-18 22:47:51,2013.32,UPI,RuPay_credit_UPI,607111.0,basic,5045,B2B wholesale,True,True,False,0.02,30.2,5.44,above_20L,clean,Matched,R4,30.2,30.2,0.0,Accurate fee verified against R4.,"Compliant transaction of Rs 2,013.32. Billed fee matches statutory rate schedule."
TXN_000314,2026-08-25 04:45:37,2002.9,UPI,bank_UPI,,,5045,B2B wholesale,True,True,False,0.02,0.0,0.0,above_20L,clean,Matched,R1,0.0,0.0,0.0,Accurate fee verified against R1.,"Compliant transaction of Rs 2,002.90. Billed fee matches statutory rate schedule."
TXN_000315,2026-08-27 11:45:03,52740.06,UPI,bank_UPI,,,5045,B2B wholesale,True,True,True,0.02,0.0,0.0,above_20L,clean,Matched,R1,0.0,0.0,0.0,Accurate fee verified against R1.,"Compliant transaction of Rs 52,740.06. Billed fee matches statutory rate schedule."
TXN_000316,2026-08-28 21:49:45,2000.89,UPI,,,,5045,B2B wholesale,True,True,False,0.02,0.0,0.0,above_20L,exception_missing_tag,Exception,NONE,,0.0,,Missing sub_instrument routing tag; cannot verify applicable statutory MDR.,"Missing sub-instrument routing metadata for transaction of Rs 2,000.89. Fee cannot be verified against statutory caps until gateway provides complete instrument tags."
TXN_000317,2026-08-24 06:58:48,2038.57,UPI,bank_UPI,,,5045,B2B wholesale,True,True,False,0.02,0.0,0.0,above_20L,clean,Matched,R1,0.0,0.0,0.0,Accurate fee verified against R1.,"Compliant transaction of Rs 2,038.57. Billed fee matches statutory rate schedule."
TXN_000318,2026-08-24 08:50:00,3061.65,Card,Debit_non_rupay,,,5045,B2B wholesale,True,True,False,0.02,27.55,4.96,above_20L,clean,Matched,R8,27.55,27.55,0.0,Accurate fee verified against R8.,"Compliant transaction of Rs 3,061.65. Billed fee matches statutory rate schedule."
TXN_000319,2026-08-29 11:39:29,2032.28,UPI,bank_UPI,,,5045,B2B wholesale,True,True,False,0.02,0.0,0.0,above_20L,clean,Matched,R1,0.0,0.0,0.0,Accurate fee verified against R1.,"Compliant transaction of Rs 2,032.28. Billed fee matches statutory rate schedule."
TXN_000320,2026-08-25 13:10:05,2024.71,UPI,RuPay_credit_UPI,511111.0,basic,5045,B2B wholesale,True,True,False,0.02,30.37,5.47,above_20L,clean,Matched,R4,30.37,30.37,0.0,Accurate fee verified against R4.,"Compliant transaction of Rs 2,024.71. Billed fee matches statutory rate schedule."
TXN_000321,2026-08-25 06:34:22,2014.6,UPI,bank_UPI,,,5045,B2B wholesale,True,True,False,0.02,0.0,0.0,above_20L,clean,Matched,R1,0.0,0.0,0.0,Accurate fee verified against R1.,"Compliant transaction of Rs 2,014.60. Billed fee matches statutory rate schedule."
TXN_000322,2026-08-15 10:12:06,42431.44,Card,RuPay_debit,422222.0,premium_rewards,5045,B2B wholesale,True,True,True,0.02,0.0,0.0,above_20L,clean,Matched,R2,0.0,0.0,0.0,Accurate fee verified against R2.,"Compliant transaction of Rs 42,431.44. Billed fee matches statutory rate schedule."
TXN_000323,2026-08-17 21:21:33,2021.71,UPI,PPI_wallet_UPI,,,5045,B2B wholesale,True,True,False,0.02,22.24,4.0,above_20L,clean,Matched,R6c,22.24,22.24,0.0,Accurate fee verified against R6c.,"Compliant transaction of Rs 2,021.71. Billed fee matches statutory rate schedule."
TXN_000324,2026-08-25 18:15:29,2009.26,UPI,bank_UPI,,,5045,B2B wholesale,True,True,False,0.02,0.0,0.0,above_20L,clean,Matched,R1,0.0,0.0,0.0,Accurate fee verified against R1.,"Compliant transaction of Rs 2,009.26. Billed fee matches statutory rate schedule."
TXN_000325,2026-08-28 02:07:58,2032.16,UPI,bank_UPI,,,5045,B2B wholesale,True,True,False,0.02,0.0,0.0,above_20L,clean,Matched,R1,0.0,0.0,0.0,Accurate fee verified against R1.,"Compliant transaction of Rs 2,032.16. Billed fee matches statutory rate schedule."
TXN_000326,2026-08-21 05:56:46,2002.48,UPI,bank_UPI,,,5411,B2B wholesale,True,True,False,0.02,0.0,0.0,above_20L,R12_mcc_misclassification,Matched,R1,0.0,0.0,0.0,Accurate fee verified against R1.,"Compliant transaction of Rs 2,002.48. Billed fee matches statutory rate schedule."
TXN_000327,2026-08-24 06:49:45,34349.2,Card,Debit_non_rupay,,,5045,B2B wholesale,True,True,True,0.02,309.14,55.65,above_20L,clean,Matched,R8,309.14,309.14,0.0,Accurate fee verified against R8.,"Compliant transaction of Rs 34,349.20. Billed fee matches statutory rate schedule."
TXN_000328,2026-08-25 13:50:12,49311.55,UPI,bank_UPI,,,5045,B2B wholesale,True,True,True,0.02,0.0,0.0,above_20L,clean,Matched,R1,0.0,0.0,0.0,Accurate fee verified against R1.,"Compliant transaction of Rs 49,311.55. Billed fee matches statutory rate schedule."
TXN_000329,2026-08-26 17:02:55,2033.13,UPI,bank_UPI,,,5045,B2B wholesale,True,True,False,0.02,0.0,0.0,above_20L,clean,Matched,R1,0.0,0.0,0.0,Accurate fee verified against R1.,"Compliant transaction of Rs 2,033.13. Billed fee matches statutory rate schedule."
TXN_000330,2026-08-18 07:59:26,22379.92,Card,RuPay_debit,607222.0,corporate,5045,B2B wholesale,True,True,True,0.02,0.0,0.0,above_20L,clean,Matched,R2,0.0,0.0,0.0,Accurate fee verified against R2.,"Compliant transaction of Rs 22,379.92. Billed fee matches statutory rate schedule."
TXN_000331,2026-08-15 12:55:05,2014.49,UPI,RuPay_credit_UPI,533333.0,corporate,5045,B2B wholesale,False,False,False,0.02,46.34,8.34,above_20L,R10_l2_l3_downgrade,Leaked,R4,30.22,46.34,16.12,"Statutory disparity against R4: expected Rs 30.22, charged Rs 46.34.",Statutory fee overcharge of Rs 16.12 detected under rule R4. Charged fee of Rs 46.34 exceeds statutory cap/expected fee of Rs 30.22.
TXN_000332,2026-08-24 10:46:17,2725.01,Card,RuPay_debit,433333.0,corporate,5045,B2B wholesale,True,True,False,0.02,0.0,0.0,above_20L,clean,Matched,R2,0.0,0.0,0.0,Accurate fee verified against R2.,"Compliant transaction of Rs 2,725.01. Billed fee matches statutory rate schedule."
TXN_000333,2026-08-18 20:44:22,2039.19,UPI,bank_UPI,,,5045,B2B wholesale,True,True,False,0.02,0.0,0.0,above_20L,clean,Matched,R1,0.0,0.0,0.0,Accurate fee verified against R1.,"Compliant transaction of Rs 2,039.19. Billed fee matches statutory rate schedule."
TXN_000334,2026-08-25 10:17:22,2006.76,UPI,bank_UPI,,,5045,B2B wholesale,True,True,False,0.02,0.0,0.0,above_20L,clean,Matched,R1,0.0,0.0,0.0,Accurate fee verified against R1.,"Compliant transaction of Rs 2,006.76. Billed fee matches statutory rate schedule."
TXN_000335,2026-08-15 19:50:10,37171.06,Card,Mastercard_credit,422222.0,premium_rewards,5045,B2B wholesale,True,True,True,0.02,743.42,133.82,above_20L,clean,Flagged_For_Review,R9,743.42,743.42,0.0,Market credit card rate applied; requires bilateral MSA contract review.,"Credit card transaction of Rs 37,171.06 billed at flat market rate (Rs 743.42). Unverified against statutory caps; requires L2/L3 metadata or IC+ rate schedule."
TXN_000336,2026-08-26 22:30:48,49385.19,UPI,RuPay_credit_UPI,411111.0,basic,5045,B2B wholesale,True,True,True,0.02,740.78,133.34,above_20L,clean,Matched,R4,740.78,740.78,0.0,Accurate fee verified against R4.,"Compliant transaction of Rs 49,385.19. Billed fee matches statutory rate schedule."
TXN_000337,2026-08-19 09:16:25,2023.67,UPI,bank_UPI,,,5045,B2B wholesale,True,True,False,0.02,0.0,0.0,above_20L,clean,Matched,R1,0.0,0.0,0.0,Accurate fee verified against R1.,"Compliant transaction of Rs 2,023.67. Billed fee matches statutory rate schedule."
TXN_000338,2026-08-24 13:33:57,2005.86,UPI,bank_UPI,,,5045,B2B wholesale,True,True,False,0.02,0.0,0.0,above_20L,clean,Matched,R1,0.0,0.0,0.0,Accurate fee verified against R1.,"Compliant transaction of Rs 2,005.86. Billed fee matches statutory rate schedule."
TXN_000339,2026-08-28 19:44:16,2031.66,UPI,PPI_wallet_UPI,,,5045,B2B wholesale,True,True,False,0.02,22.35,4.02,above_20L,clean,Matched,R6c,22.35,22.35,0.0,Accurate fee verified against R6c.,"Compliant transaction of Rs 2,031.66. Billed fee matches statutory rate schedule."
TXN_000340,2026-08-28 21:35:49,2036.59,UPI,bank_UPI,,,5045,B2B wholesale,True,True,False,0.02,0.0,0.0,above_20L,clean,Matched,R1,0.0,0.0,0.0,Accurate fee verified against R1.,"Compliant transaction of Rs 2,036.59. Billed fee matches statutory rate schedule."
TXN_000341,2026-08-30 06:35:41,15745.47,Card,RuPay_debit,411111.0,basic,5045,B2B wholesale,True,True,True,0.02,0.0,0.0,above_20L,clean,Matched,R2,0.0,0.0,0.0,Accurate fee verified against R2.,"Compliant transaction of Rs 15,745.47. Billed fee matches statutory rate schedule."
TXN_000342,2026-08-25 13:20:18,2002.48,UPI,bank_UPI,,,5045,B2B wholesale,True,True,False,0.02,0.0,0.0,above_20L,clean,Matched,R1,0.0,0.0,0.0,Accurate fee verified against R1.,"Compliant transaction of Rs 2,002.48. Billed fee matches statutory rate schedule."
TXN_000343,2026-08-29 04:11:07,39655.22,Card,,511111.0,basic,5045,B2B wholesale,True,True,True,0.02,0.0,0.0,above_20L,exception_missing_tag,Exception,NONE,,0.0,,Missing sub_instrument routing tag; cannot verify applicable statutory MDR.,"Missing sub-instrument routing metadata for transaction of Rs 39,655.22. Fee cannot be verified against statutory caps until gateway provides complete instrument tags."
TXN_000344,2026-08-19 21:08:30,2017.8,UPI,RuPay_credit_UPI,422222.0,premium_rewards,5411,B2B wholesale,True,True,False,0.02,30.27,5.45,above_20L,R12_mcc_misclassification,Matched,R4,30.27,30.27,0.0,Accurate fee verified against R4.,"Compliant transaction of Rs 2,017.80. Billed fee matches statutory rate schedule."
TXN_000345,2026-08-23 13:00:20,14780.71,Card,Visa_credit,522222.0,premium_rewards,5045,B2B wholesale,True,True,True,0.02,295.61,53.21,above_20L,clean,Flagged_For_Review,R9,295.61,295.61,0.0,Market credit card rate applied; requires bilateral MSA contract review.,"Credit card transaction of Rs 14,780.71 billed at flat market rate (Rs 295.61). Unverified against statutory caps; requires L2/L3 metadata or IC+ rate schedule."
TXN_000346,2026-08-28 09:46:01,42097.72,UPI,bank_UPI,,,5045,B2B wholesale,True,True,True,0.02,0.0,0.0,above_20L,clean,Matched,R1,0.0,0.0,0.0,Accurate fee verified against R1.,"Compliant transaction of Rs 42,097.72. Billed fee matches statutory rate schedule."
TXN_000347,2026-08-29 14:45:20,47193.66,UPI,PPI_wallet_UPI,,,5045,B2B wholesale,True,True,True,0.02,519.13,93.44,above_20L,clean,Matched,R6c,519.13,519.13,0.0,Accurate fee verified against R6c.,"Compliant transaction of Rs 47,193.66. Billed fee matches statutory rate schedule."
TXN_000348,2026-08-17 20:33:53,46794.18,Card,,422222.0,premium_rewards,5045,B2B wholesale,True,True,True,0.02,935.88,168.46,above_20L,exception_missing_tag,Exception,NONE,,935.88,,Missing sub_instrument routing tag; cannot verify applicable statutory MDR.,"Missing sub-instrument routing metadata for transaction of Rs 46,794.18. Fee cannot be verified against statutory caps until gateway provides complete instrument tags."
TXN_000349,2026-08-17 03:26:53,14372.91,UPI,,411111.0,basic,5045,B2B wholesale,True,True,True,0.02,215.59,38.81,above_20L,exception_missing_tag,Exception,NONE,,215.59,,Missing sub_instrument routing tag; cannot verify applicable statutory MDR.,"Missing sub-instrument routing metadata for transaction of Rs 14,372.91. Fee cannot be verified against statutory caps until gateway provides complete instrument tags."
TXN_000350,2026-08-15 11:11:08,2021.07,UPI,bank_UPI,,,5045,B2B wholesale,True,True,False,0.02,0.0,0.0,above_20L,clean,Matched,R1,0.0,0.0,0.0,Accurate fee verified against R1.,"Compliant transaction of Rs 2,021.07. Billed fee matches statutory rate schedule."
TXN_000351,2026-08-20 22:00:10,36173.39,Card,Visa_credit,607222.0,corporate,5411,B2B wholesale,True,True,True,0.02,723.47,130.22,above_20L,R12_mcc_misclassification,Flagged_For_Review,R9,723.47,723.47,0.0,Market credit card rate applied; requires bilateral MSA contract review.,"Credit card transaction of Rs 36,173.39 billed at flat market rate (Rs 723.47). Unverified against statutory caps; requires L2/L3 metadata or IC+ rate schedule."
TXN_000352,2026-08-20 18:35:40,42276.91,Card,,,,5045,B2B wholesale,True,True,True,0.02,380.49,68.49,above_20L,exception_missing_tag,Exception,NONE,,380.49,,Missing sub_instrument routing tag; cannot verify applicable statutory MDR.,"Missing sub-instrument routing metadata for transaction of Rs 42,276.91. Fee cannot be verified against statutory caps until gateway provides complete instrument tags."
TXN_000353,2026-08-18 08:05:15,2032.47,UPI,bank_UPI,,,5045,B2B wholesale,True,True,False,0.02,0.0,0.0,above_20L,clean,Matched,R1,0.0,0.0,0.0,Accurate fee verified against R1.,"Compliant transaction of Rs 2,032.47. Billed fee matches statutory rate schedule."
TXN_000354,2026-08-27 23:58:31,2033.39,UPI,bank_UPI,,,5045,B2B wholesale,True,True,False,0.02,0.0,0.0,above_20L,clean,Matched,R1,0.0,0.0,0.0,Accurate fee verified against R1.,"Compliant transaction of Rs 2,033.39. Billed fee matches statutory rate schedule."
TXN_000355,2026-08-26 09:00:18,6055.21,Card,RuPay_debit,433333.0,corporate,5045,B2B wholesale,True,True,False,0.02,0.0,0.0,above_20L,clean,Matched,R2,0.0,0.0,0.0,Accurate fee verified against R2.,"Compliant transaction of Rs 6,055.21. Billed fee matches statutory rate schedule."
TXN_000356,2026-08-22 19:18:44,20768.57,Card,Debit_non_rupay,,,5045,B2B wholesale,True,True,True,0.02,186.92,33.65,above_20L,clean,Matched,R8,186.92,186.92,0.0,Accurate fee verified against R8.,"Compliant transaction of Rs 20,768.57. Billed fee matches statutory rate schedule."
TXN_000357,2026-08-24 10:48:13,30219.24,Card,RuPay_debit,422222.0,premium_rewards,5045,B2B wholesale,True,True,True,0.02,0.0,0.0,above_20L,clean,Matched,R2,0.0,0.0,0.0,Accurate fee verified against R2.,"Compliant transaction of Rs 30,219.24. Billed fee matches statutory rate schedule."
TXN_000358,2026-08-25 06:46:20,43573.07,UPI,bank_UPI,,,5045,B2B wholesale,True,True,True,0.02,0.0,0.0,above_20L,clean,Matched,R1,0.0,0.0,0.0,Accurate fee verified against R1.,"Compliant transaction of Rs 43,573.07. Billed fee matches statutory rate schedule."
TXN_000359,2026-08-29 02:55:11,2004.86,UPI,bank_UPI,,,5045,B2B wholesale,True,True,False,0.02,0.0,0.0,above_20L,clean,Matched,R1,0.0,0.0,0.0,Accurate fee verified against R1.,"Compliant transaction of Rs 2,004.86. Billed fee matches statutory rate schedule."
TXN_000360,2026-08-25 23:47:07,2024.66,UPI,bank_UPI,,,5411,B2B wholesale,True,True,False,0.02,0.0,0.0,above_20L,R12_mcc_misclassification,Matched,R1,0.0,0.0,0.0,Accurate fee verified against R1.,"Compliant transaction of Rs 2,024.66. Billed fee matches statutory rate schedule."
TXN_000361,2026-08-17 05:53:58,2001.72,UPI,bank_UPI,,,5045,B2B wholesale,True,True,False,0.02,0.0,0.0,above_20L,clean,Matched,R1,0.0,0.0,0.0,Accurate fee verified against R1.,"Compliant transaction of Rs 2,001.72. Billed fee matches statutory rate schedule."
TXN_000362,2026-08-21 22:17:20,2616.71,Card,,533333.0,corporate,5045,B2B wholesale,True,True,False,0.02,52.33,9.42,above_20L,exception_missing_tag,Exception,NONE,,52.33,,Missing sub_instrument routing tag; cannot verify applicable statutory MDR.,"Missing sub-instrument routing metadata for transaction of Rs 2,616.71. Fee cannot be verified against statutory caps until gateway provides complete instrument tags."
TXN_000363,2026-08-23 02:29:36,48133.14,UPI,bank_UPI,,,5045,B2B wholesale,True,True,True,0.02,0.0,0.0,above_20L,clean,Matched,R1,0.0,0.0,0.0,Accurate fee verified against R1.,"Compliant transaction of Rs 48,133.14. Billed fee matches statutory rate schedule."
TXN_000364,2026-08-27 15:46:35,2001.71,UPI,bank_UPI,,,5045,B2B wholesale,True,True,False,0.02,0.0,0.0,above_20L,clean,Matched,R1,0.0,0.0,0.0,Accurate fee verified against R1.,"Compliant transaction of Rs 2,001.71. Billed fee matches statutory rate schedule."
TXN_000365,2026-08-21 03:33:54,44206.26,UPI,bank_UPI,,,5045,B2B wholesale,True,True,True,0.02,0.0,0.0,above_20L,clean,Matched,R1,0.0,0.0,0.0,Accurate fee verified against R1.,"Compliant transaction of Rs 44,206.26. Billed fee matches statutory rate schedule."
TXN_000366,2026-08-15 12:59:08,28940.3,Card,Visa_credit,533333.0,corporate,5411,B2B wholesale,True,True,True,0.02,578.81,104.19,above_20L,R12_mcc_misclassification,Flagged_For_Review,R9,578.81,578.81,0.0,Market credit card rate applied; requires bilateral MSA contract review.,"Credit card transaction of Rs 28,940.30 billed at flat market rate (Rs 578.81). Unverified against statutory caps; requires L2/L3 metadata or IC+ rate schedule."
TXN_000367,2026-08-27 21:26:22,2019.14,UPI,PPI_wallet_UPI,,,5045,B2B wholesale,True,True,False,0.02,22.21,4.0,above_20L,clean,Matched,R6c,22.21,22.21,0.0,Accurate fee verified against R6c.,"Compliant transaction of Rs 2,019.14. Billed fee matches statutory rate schedule."
TXN_000368,2026-08-26 00:22:12,2034.17,UPI,bank_UPI,,,5045,B2B wholesale,True,True,False,0.02,0.0,0.0,above_20L,clean,Matched,R1,0.0,0.0,0.0,Accurate fee verified against R1.,"Compliant transaction of Rs 2,034.17. Billed fee matches statutory rate schedule."
TXN_000369,2026-08-29 22:38:49,2013.16,UPI,bank_UPI,,,5045,B2B wholesale,True,True,False,0.02,0.0,0.0,above_20L,clean,Matched,R1,0.0,0.0,0.0,Accurate fee verified against R1.,"Compliant transaction of Rs 2,013.16. Billed fee matches statutory rate schedule."
TXN_000370,2026-08-18 22:56:07,2023.42,UPI,bank_UPI,,,5045,B2B wholesale,True,True,False,0.02,0.0,0.0,above_20L,clean,Matched,R1,0.0,0.0,0.0,Accurate fee verified against R1.,"Compliant transaction of Rs 2,023.42. Billed fee matches statutory rate schedule."
TXN_000371,2026-08-27 10:05:13,2016.28,UPI,,,,5045,B2B wholesale,True,True,False,0.02,0.0,0.0,above_20L,exception_missing_tag,Exception,NONE,,0.0,,Missing sub_instrument routing tag; cannot verify applicable statutory MDR.,"Missing sub-instrument routing metadata for transaction of Rs 2,016.28. Fee cannot be verified against statutory caps until gateway provides complete instrument tags."
TXN_000372,2026-08-20 08:50:23,2037.75,UPI,bank_UPI,,,5045,B2B wholesale,True,True,False,0.02,0.0,0.0,above_20L,clean,Matched,R1,0.0,0.0,0.0,Accurate fee verified against R1.,"Compliant transaction of Rs 2,037.75. Billed fee matches statutory rate schedule."
TXN_000373,2026-08-22 13:44:34,12826.34,UPI,bank_UPI,,,5045,B2B wholesale,True,True,True,0.02,0.0,0.0,above_20L,clean,Matched,R1,0.0,0.0,0.0,Accurate fee verified against R1.,"Compliant transaction of Rs 12,826.34. Billed fee matches statutory rate schedule."
TXN_000374,2026-08-17 17:15:40,14478.83,UPI,bank_UPI,,,5045,B2B wholesale,True,True,True,0.02,0.0,0.0,above_20L,clean,Matched,R1,0.0,0.0,0.0,Accurate fee verified against R1.,"Compliant transaction of Rs 14,478.83. Billed fee matches statutory rate schedule."
TXN_000375,2026-08-28 04:21:49,24875.32,UPI,PPI_wallet_UPI,,,5045,B2B wholesale,True,True,True,0.02,273.63,49.25,above_20L,clean,Matched,R6c,273.63,273.63,0.0,Accurate fee verified against R6c.,"Compliant transaction of Rs 24,875.32. Billed fee matches statutory rate schedule."
TXN_000376,2026-08-16 19:41:45,2026.35,UPI,bank_UPI,,,5045,B2B wholesale,True,True,False,0.02,0.0,0.0,above_20L,clean,Matched,R1,0.0,0.0,0.0,Accurate fee verified against R1.,"Compliant transaction of Rs 2,026.35. Billed fee matches statutory rate schedule."
TXN_000377,2026-08-27 14:45:03,51532.93,UPI,bank_UPI,,,5045,B2B wholesale,True,True,True,0.02,0.0,0.0,above_20L,clean,Matched,R1,0.0,0.0,0.0,Accurate fee verified against R1.,"Compliant transaction of Rs 51,532.93. Billed fee matches statutory rate schedule."
TXN_000378,2026-08-29 17:29:26,16018.12,Card,RuPay_debit,422222.0,premium_rewards,5045,B2B wholesale,True,True,True,0.02,0.0,0.0,above_20L,clean,Matched,R2,0.0,0.0,0.0,Accurate fee verified against R2.,"Compliant transaction of Rs 16,018.12. Billed fee matches statutory rate schedule."
TXN_000379,2026-08-20 19:51:01,4541.06,UPI,RuPay_credit_UPI,411111.0,basic,5045,B2B wholesale,True,True,False,0.02,68.12,12.26,above_20L,clean,Matched,R4,68.12,68.12,0.0,Accurate fee verified against R4.,"Compliant transaction of Rs 4,541.06. Billed fee matches statutory rate schedule."
TXN_000380,2026-08-27 23:00:10,33060.49,Card,Mastercard_credit,607111.0,basic,5045,B2B wholesale,True,True,True,0.02,661.21,119.02,above_20L,clean,Flagged_For_Review,R9,661.21,661.21,0.0,Market credit card rate applied; requires bilateral MSA contract review.,"Credit card transaction of Rs 33,060.49 billed at flat market rate (Rs 661.21). Unverified against statutory caps; requires L2/L3 metadata or IC+ rate schedule."
TXN_000381,2026-08-22 18:42:50,2032.74,UPI,bank_UPI,,,5045,B2B wholesale,True,True,False,0.02,0.0,0.0,above_20L,clean,Matched,R1,0.0,0.0,0.0,Accurate fee verified against R1.,"Compliant transaction of Rs 2,032.74. Billed fee matches statutory rate schedule."
TXN_000382,2026-08-18 02:13:40,2030.84,UPI,RuPay_credit_UPI,433333.0,corporate,5045,B2B wholesale,True,True,False,0.02,30.46,5.48,above_20L,clean,Matched,R4,30.46,30.46,0.0,Accurate fee verified against R4.,"Compliant transaction of Rs 2,030.84. Billed fee matches statutory rate schedule."
TXN_000383,2026-08-19 02:53:07,2023.54,UPI,PPI_wallet_UPI,,,5045,B2B wholesale,True,True,False,0.02,22.26,4.01,above_20L,clean,Matched,R6c,22.26,22.26,0.0,Accurate fee verified against R6c.,"Compliant transaction of Rs 2,023.54. Billed fee matches statutory rate schedule."
TXN_000384,2026-08-29 16:11:24,40749.29,UPI,bank_UPI,,,5411,B2B wholesale,True,True,True,0.02,0.0,0.0,above_20L,R12_mcc_misclassification,Matched,R1,0.0,0.0,0.0,Accurate fee verified against R1.,"Compliant transaction of Rs 40,749.29. Billed fee matches statutory rate schedule."
TXN_000385,2026-08-19 00:05:04,18479.32,UPI,bank_UPI,,,5045,B2B wholesale,True,True,True,0.02,0.0,0.0,above_20L,clean,Matched,R1,0.0,0.0,0.0,Accurate fee verified against R1.,"Compliant transaction of Rs 18,479.32. Billed fee matches statutory rate schedule."
TXN_000386,2026-08-24 00:52:15,2038.69,UPI,,,,5045,B2B wholesale,True,True,False,0.02,22.43,4.04,above_20L,exception_missing_tag,Exception,NONE,,22.43,,Missing sub_instrument routing tag; cannot verify applicable statutory MDR.,"Missing sub-instrument routing metadata for transaction of Rs 2,038.69. Fee cannot be verified against statutory caps until gateway provides complete instrument tags."
TXN_000387,2026-08-26 23:30:46,39524.78,Card,Visa_credit,607111.0,basic,5045,B2B wholesale,True,True,True,0.02,790.5,142.29,above_20L,clean,Flagged_For_Review,R9,790.5,790.5,0.0,Market credit card rate applied; requires bilateral MSA contract review.,"Credit card transaction of Rs 39,524.78 billed at flat market rate (Rs 790.50). Unverified against statutory caps; requires L2/L3 metadata or IC+ rate schedule."
TXN_000388,2026-08-19 14:09:36,43705.7,UPI,PPI_wallet_UPI,,,5045,B2B wholesale,True,True,True,0.02,480.76,86.54,above_20L,clean,Matched,R6c,480.76,480.76,0.0,Accurate fee verified against R6c.,"Compliant transaction of Rs 43,705.70. Billed fee matches statutory rate schedule."
TXN_000389,2026-08-24 23:46:54,2006.31,UPI,RuPay_credit_UPI,607111.0,basic,5045,B2B wholesale,True,True,False,0.02,30.09,5.42,above_20L,clean,Matched,R4,30.09,30.09,0.0,Accurate fee verified against R4.,"Compliant transaction of Rs 2,006.31. Billed fee matches statutory rate schedule."
TXN_000390,2026-08-28 23:30:45,9768.85,Card,RuPay_debit,511111.0,basic,5045,B2B wholesale,True,True,False,0.02,0.0,0.0,above_20L,clean,Matched,R2,0.0,0.0,0.0,Accurate fee verified against R2.,"Compliant transaction of Rs 9,768.85. Billed fee matches statutory rate schedule."
TXN_000391,2026-08-21 02:40:25,12678.31,UPI,RuPay_credit_UPI,411111.0,basic,5411,B2B wholesale,True,True,True,0.02,190.17,34.23,above_20L,R12_mcc_misclassification,Matched,R4,190.17,190.17,0.0,Accurate fee verified against R4.,"Compliant transaction of Rs 12,678.31. Billed fee matches statutory rate schedule."
TXN_000392,2026-08-19 00:35:25,31148.33,Card,RuPay_debit,533333.0,corporate,5045,B2B wholesale,True,True,True,0.02,0.0,0.0,above_20L,clean,Matched,R2,0.0,0.0,0.0,Accurate fee verified against R2.,"Compliant transaction of Rs 31,148.33. Billed fee matches statutory rate schedule."
TXN_000393,2026-08-27 10:13:45,2023.24,UPI,RuPay_credit_UPI,433333.0,corporate,5045,B2B wholesale,True,True,False,0.02,30.35,5.46,above_20L,clean,Matched,R4,30.35,30.35,0.0,Accurate fee verified against R4.,"Compliant transaction of Rs 2,023.24. Billed fee matches statutory rate schedule."
TXN_000394,2026-08-18 00:53:48,2025.86,UPI,bank_UPI,,,5045,B2B wholesale,True,True,False,0.02,0.0,0.0,above_20L,clean,Matched,R1,0.0,0.0,0.0,Accurate fee verified against R1.,"Compliant transaction of Rs 2,025.86. Billed fee matches statutory rate schedule."
TXN_000395,2026-08-16 00:54:18,2029.99,UPI,bank_UPI,,,5045,B2B wholesale,True,True,False,0.02,0.0,0.0,above_20L,clean,Matched,R1,0.0,0.0,0.0,Accurate fee verified against R1.,"Compliant transaction of Rs 2,029.99. Billed fee matches statutory rate schedule."
TXN_000396,2026-08-26 19:53:59,3993.83,UPI,bank_UPI,,,5045,B2B wholesale,True,True,False,0.02,0.0,0.0,above_20L,clean,Matched,R1,0.0,0.0,0.0,Accurate fee verified against R1.,"Compliant transaction of Rs 3,993.83. Billed fee matches statutory rate schedule."
TXN_000397,2026-08-29 14:01:57,2033.61,UPI,bank_UPI,,,5045,B2B wholesale,True,True,False,0.02,0.0,0.0,above_20L,clean,Matched,R1,0.0,0.0,0.0,Accurate fee verified against R1.,"Compliant transaction of Rs 2,033.61. Billed fee matches statutory rate schedule."
TXN_000398,2026-08-28 04:47:43,2031.86,UPI,bank_UPI,,,5045,B2B wholesale,True,True,False,0.02,0.0,0.0,above_20L,clean,Matched,R1,0.0,0.0,0.0,Accurate fee verified against R1.,"Compliant transaction of Rs 2,031.86. Billed fee matches statutory rate schedule."
TXN_000399,2026-08-22 13:32:31,33276.35,UPI,bank_UPI,,,5045,B2B wholesale,True,True,True,0.02,0.0,0.0,above_20L,clean,Matched,R1,0.0,0.0,0.0,Accurate fee verified against R1.,"Compliant transaction of Rs 33,276.35. Billed fee matches statutory rate schedule."
TXN_000400,2026-08-21 06:28:09,37906.53,Card,Mastercard_credit,511111.0,basic,5045,B2B wholesale,True,True,True,0.02,758.13,136.46,above_20L,clean,Flagged_For_Review,R9,758.13,758.13,0.0,Market credit card rate applied; requires bilateral MSA contract review.,"Credit card transaction of Rs 37,906.53 billed at flat market rate (Rs 758.13). Unverified against statutory caps; requires L2/L3 metadata or IC+ rate schedule."
TXN_000401,2026-08-16 23:43:19,27425.54,Card,RuPay_debit,433333.0,corporate,5045,B2B wholesale,True,True,True,0.02,0.0,0.0,above_20L,clean,Matched,R2,0.0,0.0,0.0,Accurate fee verified against R2.,"Compliant transaction of Rs 27,425.54. Billed fee matches statutory rate schedule."
TXN_000402,2026-08-22 16:09:59,2035.02,UPI,bank_UPI,,,5045,B2B wholesale,True,True,False,0.02,0.0,0.0,above_20L,clean,Matched,R1,0.0,0.0,0.0,Accurate fee verified against R1.,"Compliant transaction of Rs 2,035.02. Billed fee matches statutory rate schedule."
TXN_000403,2026-08-27 21:13:36,11376.9,Card,Visa_credit,533333.0,corporate,5045,B2B wholesale,True,True,True,0.02,227.54,40.96,above_20L,clean,Flagged_For_Review,R9,227.54,227.54,0.0,Market credit card rate applied; requires bilateral MSA contract review.,"Credit card transaction of Rs 11,376.90 billed at flat market rate (Rs 227.54). Unverified against statutory caps; requires L2/L3 metadata or IC+ rate schedule."
TXN_000404,2026-08-26 07:06:19,2037.0,UPI,bank_UPI,,,5045,B2B wholesale,True,True,False,0.02,0.0,0.0,above_20L,clean,Matched,R1,0.0,0.0,0.0,Accurate fee verified against R1.,"Compliant transaction of Rs 2,037.00. Billed fee matches statutory rate schedule."
TXN_000405,2026-08-25 03:53:38,58618.96,UPI,bank_UPI,,,5045,B2B wholesale,True,True,True,0.02,0.0,0.0,above_20L,clean,Matched,R1,0.0,0.0,0.0,Accurate fee verified against R1.,"Compliant transaction of Rs 58,618.96. Billed fee matches statutory rate schedule."
TXN_000406,2026-08-30 00:27:59,32247.29,Card,Debit_non_rupay,,,5045,B2B wholesale,True,True,True,0.02,290.23,52.24,above_20L,clean,Matched,R8,290.23,290.23,0.0,Accurate fee verified against R8.,"Compliant transaction of Rs 32,247.29. Billed fee matches statutory rate schedule."
TXN_000407,2026-08-15 16:27:25,59669.96,Card,RuPay_debit,607222.0,corporate,5045,B2B wholesale,True,True,True,0.02,0.0,0.0,above_20L,clean,Matched,R2,0.0,0.0,0.0,Accurate fee verified against R2.,"Compliant transaction of Rs 59,669.96. Billed fee matches statutory rate schedule."
TXN_000408,2026-08-28 21:28:46,45220.76,UPI,bank_UPI,,,5045,B2B wholesale,True,True,True,0.02,0.0,0.0,above_20L,clean,Matched,R1,0.0,0.0,0.0,Accurate fee verified against R1.,"Compliant transaction of Rs 45,220.76. Billed fee matches statutory rate schedule."
TXN_000409,2026-08-16 09:37:46,2031.01,UPI,bank_UPI,,,5045,B2B wholesale,True,True,False,0.02,0.0,0.0,above_20L,clean,Matched,R1,0.0,0.0,0.0,Accurate fee verified against R1.,"Compliant transaction of Rs 2,031.01. Billed fee matches statutory rate schedule."
TXN_000410,2026-08-23 15:46:42,14083.27,Card,RuPay_debit,522222.0,premium_rewards,5045,B2B wholesale,True,True,True,0.02,0.0,0.0,above_20L,clean,Matched,R2,0.0,0.0,0.0,Accurate fee verified against R2.,"Compliant transaction of Rs 14,083.27. Billed fee matches statutory rate schedule."
TXN_000411,2026-08-15 10:17:38,29888.04,UPI,bank_UPI,,,5045,B2B wholesale,True,True,True,0.02,0.0,0.0,above_20L,clean,Matched,R1,0.0,0.0,0.0,Accurate fee verified against R1.,"Compliant transaction of Rs 29,888.04. Billed fee matches statutory rate schedule."
TXN_000412,2026-08-30 03:34:30,55651.49,UPI,bank_UPI,,,5045,B2B wholesale,True,True,True,0.02,0.0,0.0,above_20L,clean,Matched,R1,0.0,0.0,0.0,Accurate fee verified against R1.,"Compliant transaction of Rs 55,651.49. Billed fee matches statutory rate schedule."
TXN_000413,2026-08-15 21:24:00,18940.47,Card,RuPay_debit,607111.0,basic,5045,B2B wholesale,True,True,True,0.02,0.0,0.0,above_20L,clean,Matched,R2,0.0,0.0,0.0,Accurate fee verified against R2.,"Compliant transaction of Rs 18,940.47. Billed fee matches statutory rate schedule."
TXN_000414,2026-08-23 00:10:58,2024.0,UPI,RuPay_credit_UPI,511111.0,basic,5411,B2B wholesale,True,True,False,0.02,30.36,5.46,above_20L,R12_mcc_misclassification,Matched,R4,30.36,30.36,0.0,Accurate fee verified against R4.,"Compliant transaction of Rs 2,024.00. Billed fee matches statutory rate schedule."
TXN_000415,2026-08-17 04:04:32,9084.71,UPI,PPI_wallet_UPI,,,5045,B2B wholesale,True,True,False,0.02,99.93,17.99,above_20L,clean,Matched,R6c,99.93,99.93,0.0,Accurate fee verified against R6c.,"Compliant transaction of Rs 9,084.71. Billed fee matches statutory rate schedule."
TXN_000416,2026-08-22 15:46:05,43179.77,Card,RuPay_debit,607222.0,corporate,5045,B2B wholesale,True,True,True,0.02,0.0,0.0,above_20L,clean,Matched,R2,0.0,0.0,0.0,Accurate fee verified against R2.,"Compliant transaction of Rs 43,179.77. Billed fee matches statutory rate schedule."
TXN_000417,2026-08-23 04:43:29,40033.26,UPI,,,,5045,B2B wholesale,True,True,True,0.02,0.0,0.0,above_20L,exception_missing_tag,Exception,NONE,,0.0,,Missing sub_instrument routing tag; cannot verify applicable statutory MDR.,"Missing sub-instrument routing metadata for transaction of Rs 40,033.26. Fee cannot be verified against statutory caps until gateway provides complete instrument tags."
TXN_000418,2026-08-21 18:32:22,32642.82,Card,Debit_non_rupay,,,5045,B2B wholesale,True,True,True,0.02,293.79,52.88,above_20L,clean,Matched,R8,293.79,293.79,0.0,Accurate fee verified against R8.,"Compliant transaction of Rs 32,642.82. Billed fee matches statutory rate schedule."
TXN_000419,2026-08-23 15:09:03,2017.36,UPI,bank_UPI,,,5045,B2B wholesale,True,True,False,0.02,0.0,0.0,above_20L,clean,Matched,R1,0.0,0.0,0.0,Accurate fee verified against R1.,"Compliant transaction of Rs 2,017.36. Billed fee matches statutory rate schedule."
TXN_000420,2026-08-25 03:44:46,2032.94,UPI,PPI_wallet_UPI,,,5045,B2B wholesale,True,True,False,0.02,22.36,4.02,above_20L,clean,Matched,R6c,22.36,22.36,0.0,Accurate fee verified against R6c.,"Compliant transaction of Rs 2,032.94. Billed fee matches statutory rate schedule."
TXN_000421,2026-08-28 14:54:33,7834.17,UPI,bank_UPI,,,5045,B2B wholesale,True,True,False,0.02,0.0,0.0,above_20L,clean,Matched,R1,0.0,0.0,0.0,Accurate fee verified against R1.,"Compliant transaction of Rs 7,834.17. Billed fee matches statutory rate schedule."
TXN_000422,2026-08-21 05:04:28,2013.22,UPI,bank_UPI,,,5045,B2B wholesale,True,True,False,0.02,0.0,0.0,above_20L,clean,Matched,R1,0.0,0.0,0.0,Accurate fee verified against R1.,"Compliant transaction of Rs 2,013.22. Billed fee matches statutory rate schedule."
TXN_000423,2026-08-22 02:26:25,6890.09,UPI,bank_UPI,,,5045,B2B wholesale,True,True,False,0.02,0.0,0.0,above_20L,clean,Matched,R1,0.0,0.0,0.0,Accurate fee verified against R1.,"Compliant transaction of Rs 6,890.09. Billed fee matches statutory rate schedule."
TXN_000424,2026-08-28 05:59:26,2012.47,UPI,PPI_wallet_UPI,,,5045,B2B wholesale,True,True,False,0.02,22.14,3.99,above_20L,clean,Matched,R6c,22.14,22.14,0.0,Accurate fee verified against R6c.,"Compliant transaction of Rs 2,012.47. Billed fee matches statutory rate schedule."
TXN_000425,2026-08-28 21:30:27,15434.23,UPI,PPI_wallet_UPI,,,5045,B2B wholesale,True,True,True,0.02,169.78,30.56,above_20L,clean,Matched,R6c,169.78,169.78,0.0,Accurate fee verified against R6c.,"Compliant transaction of Rs 15,434.23. Billed fee matches statutory rate schedule."
TXN_000426,2026-08-19 20:32:28,2014.92,UPI,PPI_wallet_UPI,,,5045,B2B wholesale,True,True,False,0.02,22.16,3.99,above_20L,clean,Matched,R6c,22.16,22.16,0.0,Accurate fee verified against R6c.,"Compliant transaction of Rs 2,014.92. Billed fee matches statutory rate schedule."
TXN_000427,2026-08-28 03:50:53,4531.58,UPI,bank_UPI,,,5045,B2B wholesale,True,True,False,0.02,0.0,0.0,above_20L,clean,Matched,R1,0.0,0.0,0.0,Accurate fee verified against R1.,"Compliant transaction of Rs 4,531.58. Billed fee matches statutory rate schedule."
TXN_000428,2026-08-25 03:25:38,2038.29,UPI,RuPay_credit_UPI,607222.0,corporate,5045,B2B wholesale,True,True,False,0.02,30.57,5.5,above_20L,clean,Matched,R4,30.57,30.57,0.0,Accurate fee verified against R4.,"Compliant transaction of Rs 2,038.29. Billed fee matches statutory rate schedule."
TXN_000429,2026-08-21 19:05:44,8043.43,Card,RuPay_debit,533333.0,corporate,5045,B2B wholesale,True,True,False,0.02,0.0,0.0,above_20L,clean,Matched,R2,0.0,0.0,0.0,Accurate fee verified against R2.,"Compliant transaction of Rs 8,043.43. Billed fee matches statutory rate schedule."
TXN_000430,2026-08-24 15:03:45,42628.68,UPI,bank_UPI,,,5045,B2B wholesale,True,True,True,0.02,0.0,0.0,above_20L,clean,Matched,R1,0.0,0.0,0.0,Accurate fee verified against R1.,"Compliant transaction of Rs 42,628.68. Billed fee matches statutory rate schedule."
TXN_000431,2026-08-15 22:37:43,36777.51,UPI,bank_UPI,,,5411,B2B wholesale,True,True,True,0.02,0.0,0.0,above_20L,R12_mcc_misclassification,Matched,R1,0.0,0.0,0.0,Accurate fee verified against R1.,"Compliant transaction of Rs 36,777.51. Billed fee matches statutory rate schedule."
TXN_000432,2026-08-23 05:25:37,2006.64,UPI,PPI_wallet_UPI,,,5045,B2B wholesale,True,True,False,0.02,22.07,3.97,above_20L,clean,Matched,R6c,22.07,22.07,0.0,Accurate fee verified against R6c.,"Compliant transaction of Rs 2,006.64. Billed fee matches statutory rate schedule."
TXN_000433,2026-08-26 02:42:46,59821.53,Card,RuPay_debit,422222.0,premium_rewards,5045,B2B wholesale,True,True,True,0.02,0.0,0.0,above_20L,clean,Matched,R2,0.0,0.0,0.0,Accurate fee verified against R2.,"Compliant transaction of Rs 59,821.53. Billed fee matches statutory rate schedule."
TXN_000434,2026-08-20 11:59:30,2024.65,UPI,bank_UPI,,,5045,B2B wholesale,True,True,False,0.02,0.0,0.0,above_20L,clean,Matched,R1,0.0,0.0,0.0,Accurate fee verified against R1.,"Compliant transaction of Rs 2,024.65. Billed fee matches statutory rate schedule."
TXN_000435,2026-08-28 18:53:01,20226.74,Card,Mastercard_credit,522222.0,premium_rewards,5411,B2B wholesale,True,True,True,0.02,404.53,72.82,above_20L,R12_mcc_misclassification,Flagged_For_Review,R9,404.53,404.53,0.0,Market credit card rate applied; requires bilateral MSA contract review.,"Credit card transaction of Rs 20,226.74 billed at flat market rate (Rs 404.53). Unverified against statutory caps; requires L2/L3 metadata or IC+ rate schedule."
TXN_000436,2026-08-26 20:22:31,44750.74,UPI,bank_UPI,,,5411,B2B wholesale,True,True,True,0.02,0.0,0.0,above_20L,R12_mcc_misclassification,Matched,R1,0.0,0.0,0.0,Accurate fee verified against R1.,"Compliant transaction of Rs 44,750.74. Billed fee matches statutory rate schedule."
TXN_000437,2026-08-26 12:19:30,2005.69,UPI,bank_UPI,,,5045,B2B wholesale,True,True,False,0.02,0.0,0.0,above_20L,clean,Matched,R1,0.0,0.0,0.0,Accurate fee verified against R1.,"Compliant transaction of Rs 2,005.69. Billed fee matches statutory rate schedule."
TXN_000438,2026-08-23 10:27:53,34849.65,Card,RuPay_debit,522222.0,premium_rewards,5045,B2B wholesale,True,True,True,0.02,0.0,0.0,above_20L,clean,Matched,R2,0.0,0.0,0.0,Accurate fee verified against R2.,"Compliant transaction of Rs 34,849.65. Billed fee matches statutory rate schedule."
TXN_000439,2026-08-23 09:16:57,47295.28,UPI,bank_UPI,,,5045,B2B wholesale,True,True,True,0.02,0.0,0.0,above_20L,clean,Matched,R1,0.0,0.0,0.0,Accurate fee verified against R1.,"Compliant transaction of Rs 47,295.28. Billed fee matches statutory rate schedule."
TXN_000440,2026-08-24 11:02:59,28057.34,Card,RuPay_debit,422222.0,premium_rewards,5045,B2B wholesale,True,True,True,0.02,0.0,0.0,above_20L,clean,Matched,R2,0.0,0.0,0.0,Accurate fee verified against R2.,"Compliant transaction of Rs 28,057.34. Billed fee matches statutory rate schedule."
TXN_000441,2026-08-28 05:38:05,46421.99,Card,Mastercard_credit,607222.0,corporate,5045,B2B wholesale,True,True,True,0.02,928.44,167.12,above_20L,clean,Flagged_For_Review,R9,928.44,928.44,0.0,Market credit card rate applied; requires bilateral MSA contract review.,"Credit card transaction of Rs 46,421.99 billed at flat market rate (Rs 928.44). Unverified against statutory caps; requires L2/L3 metadata or IC+ rate schedule."
TXN_000442,2026-08-18 21:14:43,42518.46,Card,RuPay_debit,422222.0,premium_rewards,5045,B2B wholesale,True,True,True,0.02,0.0,0.0,above_20L,clean,Matched,R2,0.0,0.0,0.0,Accurate fee verified against R2.,"Compliant transaction of Rs 42,518.46. Billed fee matches statutory rate schedule."
TXN_000443,2026-08-15 12:16:15,23079.56,UPI,bank_UPI,,,5045,B2B wholesale,True,True,True,0.02,0.0,0.0,above_20L,clean,Matched,R1,0.0,0.0,0.0,Accurate fee verified against R1.,"Compliant transaction of Rs 23,079.56. Billed fee matches statutory rate schedule."
TXN_000444,2026-08-17 16:09:27,59483.62,UPI,PPI_wallet_UPI,,,5045,B2B wholesale,True,True,True,0.02,654.32,117.78,above_20L,clean,Matched,R6c,654.32,654.32,0.0,Accurate fee verified against R6c.,"Compliant transaction of Rs 59,483.62. Billed fee matches statutory rate schedule."
TXN_000445,2026-08-18 09:09:20,8933.39,UPI,bank_UPI,,,5045,B2B wholesale,True,True,False,0.02,0.0,0.0,above_20L,clean,Matched,R1,0.0,0.0,0.0,Accurate fee verified against R1.,"Compliant transaction of Rs 8,933.39. Billed fee matches statutory rate schedule."
TXN_000446,2026-08-22 21:15:14,14120.43,UPI,bank_UPI,,,5045,B2B wholesale,True,True,True,0.02,0.0,0.0,above_20L,clean,Matched,R1,0.0,0.0,0.0,Accurate fee verified against R1.,"Compliant transaction of Rs 14,120.43. Billed fee matches statutory rate schedule."
TXN_000447,2026-08-16 12:58:07,2009.77,UPI,bank_UPI,,,5045,B2B wholesale,True,True,False,0.02,0.0,0.0,above_20L,clean,Matched,R1,0.0,0.0,0.0,Accurate fee verified against R1.,"Compliant transaction of Rs 2,009.77. Billed fee matches statutory rate schedule."
TXN_000448,2026-08-26 11:30:46,2028.93,UPI,bank_UPI,,,5045,B2B wholesale,True,True,False,0.02,0.0,0.0,above_20L,clean,Matched,R1,0.0,0.0,0.0,Accurate fee verified against R1.,"Compliant transaction of Rs 2,028.93. Billed fee matches statutory rate schedule."
TXN_000449,2026-08-18 04:43:59,35046.57,Card,RuPay_debit,422222.0,premium_rewards,5045,B2B wholesale,True,True,True,0.02,0.0,0.0,above_20L,clean,Matched,R2,0.0,0.0,0.0,Accurate fee verified against R2.,"Compliant transaction of Rs 35,046.57. Billed fee matches statutory rate schedule."
TXN_000450,2026-08-26 16:26:43,2038.51,UPI,bank_UPI,,,5045,B2B wholesale,True,True,False,0.02,0.0,0.0,above_20L,clean,Matched,R1,0.0,0.0,0.0,Accurate fee verified against R1.,"Compliant transaction of Rs 2,038.51. Billed fee matches statutory rate schedule."
TXN_000451,2026-08-25 01:28:20,3508.56,Card,Visa_credit,607111.0,basic,5045,B2B wholesale,True,True,False,0.02,70.17,12.63,above_20L,clean,Flagged_For_Review,R9,70.17,70.17,0.0,Market credit card rate applied; requires bilateral MSA contract review.,"Credit card transaction of Rs 3,508.56 billed at flat market rate (Rs 70.17). Unverified against statutory caps; requires L2/L3 metadata or IC+ rate schedule."
TXN_000452,2026-08-20 06:00:09,2004.36,UPI,bank_UPI,,,5045,B2B wholesale,True,True,False,0.02,0.0,0.0,above_20L,clean,Matched,R1,0.0,0.0,0.0,Accurate fee verified against R1.,"Compliant transaction of Rs 2,004.36. Billed fee matches statutory rate schedule."
TXN_000453,2026-08-18 16:44:27,3329.42,Card,Visa_credit,522222.0,premium_rewards,5045,B2B wholesale,True,True,False,0.02,66.59,11.99,above_20L,clean,Flagged_For_Review,R9,66.59,66.59,0.0,Market credit card rate applied; requires bilateral MSA contract review.,"Credit card transaction of Rs 3,329.42 billed at flat market rate (Rs 66.59). Unverified against statutory caps; requires L2/L3 metadata or IC+ rate schedule."
TXN_000454,2026-08-20 19:23:45,55222.25,UPI,bank_UPI,,,5045,B2B wholesale,True,True,True,0.02,0.0,0.0,above_20L,clean,Matched,R1,0.0,0.0,0.0,Accurate fee verified against R1.,"Compliant transaction of Rs 55,222.25. Billed fee matches statutory rate schedule."
TXN_000455,2026-08-16 02:30:49,34800.01,UPI,bank_UPI,,,5411,B2B wholesale,True,True,True,0.02,0.0,0.0,above_20L,R12_mcc_misclassification,Matched,R1,0.0,0.0,0.0,Accurate fee verified against R1.,"Compliant transaction of Rs 34,800.01. Billed fee matches statutory rate schedule."
TXN_000456,2026-08-26 02:48:15,2008.75,UPI,bank_UPI,,,5045,B2B wholesale,True,True,False,0.02,0.0,0.0,above_20L,clean,Matched,R1,0.0,0.0,0.0,Accurate fee verified against R1.,"Compliant transaction of Rs 2,008.75. Billed fee matches statutory rate schedule."
TXN_000457,2026-08-25 02:27:46,33272.82,Card,RuPay_debit,607222.0,corporate,5045,B2B wholesale,True,True,True,0.02,0.0,0.0,above_20L,clean,Matched,R2,0.0,0.0,0.0,Accurate fee verified against R2.,"Compliant transaction of Rs 33,272.82. Billed fee matches statutory rate schedule."
TXN_000458,2026-08-28 02:34:56,2031.18,UPI,PPI_wallet_UPI,,,5045,B2B wholesale,True,True,False,0.02,22.34,4.02,above_20L,clean,Matched,R6c,22.34,22.34,0.0,Accurate fee verified against R6c.,"Compliant transaction of Rs 2,031.18. Billed fee matches statutory rate schedule."
TXN_000459,2026-08-24 04:55:13,2002.06,UPI,bank_UPI,,,5045,B2B wholesale,True,True,False,0.02,0.0,0.0,above_20L,clean,Matched,R1,0.0,0.0,0.0,Accurate fee verified against R1.,"Compliant transaction of Rs 2,002.06. Billed fee matches statutory rate schedule."
TXN_000460,2026-08-18 11:34:28,2002.93,UPI,PPI_wallet_UPI,,,5045,B2B wholesale,True,True,False,0.02,22.03,3.97,above_20L,clean,Matched,R6c,22.03,22.03,0.0,Accurate fee verified against R6c.,"Compliant transaction of Rs 2,002.93. Billed fee matches statutory rate schedule."
TXN_000461,2026-08-30 02:48:06,8839.76,UPI,RuPay_credit_UPI,607111.0,basic,5045,B2B wholesale,True,True,False,0.02,132.6,23.87,above_20L,clean,Matched,R4,132.6,132.6,0.0,Accurate fee verified against R4.,"Compliant transaction of Rs 8,839.76. Billed fee matches statutory rate schedule."
TXN_000462,2026-08-21 02:55:28,2011.33,UPI,PPI_wallet_UPI,,,5045,B2B wholesale,True,True,False,0.02,22.12,3.98,above_20L,clean,Matched,R6c,22.12,22.12,0.0,Accurate fee verified against R6c.,"Compliant transaction of Rs 2,011.33. Billed fee matches statutory rate schedule."
TXN_000463,2026-08-17 03:00:56,36392.34,Card,RuPay_debit,522222.0,premium_rewards,5045,B2B wholesale,True,True,True,0.02,0.0,0.0,above_20L,clean,Matched,R2,0.0,0.0,0.0,Accurate fee verified against R2.,"Compliant transaction of Rs 36,392.34. Billed fee matches statutory rate schedule."
TXN_000464,2026-08-25 10:13:41,2026.58,UPI,bank_UPI,,,5045,B2B wholesale,True,True,False,0.02,0.0,0.0,above_20L,clean,Matched,R1,0.0,0.0,0.0,Accurate fee verified against R1.,"Compliant transaction of Rs 2,026.58. Billed fee matches statutory rate schedule."
TXN_000465,2026-08-15 15:25:53,2008.73,UPI,bank_UPI,,,5045,B2B wholesale,True,True,False,0.02,0.0,0.0,above_20L,clean,Matched,R1,0.0,0.0,0.0,Accurate fee verified against R1.,"Compliant transaction of Rs 2,008.73. Billed fee matches statutory rate schedule."
TXN_000466,2026-08-18 12:14:35,22669.57,UPI,bank_UPI,,,5045,B2B wholesale,True,True,True,0.02,0.0,0.0,above_20L,clean,Matched,R1,0.0,0.0,0.0,Accurate fee verified against R1.,"Compliant transaction of Rs 22,669.57. Billed fee matches statutory rate schedule."
TXN_000467,2026-08-30 03:21:26,2038.63,UPI,bank_UPI,,,5045,B2B wholesale,True,True,False,0.02,0.0,0.0,above_20L,clean,Matched,R1,0.0,0.0,0.0,Accurate fee verified against R1.,"Compliant transaction of Rs 2,038.63. Billed fee matches statutory rate schedule."
TXN_000468,2026-08-27 14:15:46,26376.99,UPI,RuPay_credit_UPI,511111.0,basic,5045,B2B wholesale,True,True,True,0.02,395.65,71.22,above_20L,clean,Matched,R4,395.65,395.65,0.0,Accurate fee verified against R4.,"Compliant transaction of Rs 26,376.99. Billed fee matches statutory rate schedule."
TXN_000469,2026-08-29 01:22:21,2025.62,UPI,bank_UPI,,,5045,B2B wholesale,True,True,False,0.02,0.0,0.0,above_20L,clean,Matched,R1,0.0,0.0,0.0,Accurate fee verified against R1.,"Compliant transaction of Rs 2,025.62. Billed fee matches statutory rate schedule."
TXN_000470,2026-08-21 07:31:27,51418.83,Card,Debit_non_rupay,,,5045,B2B wholesale,True,True,True,0.02,462.77,83.3,above_20L,clean,Matched,R8,462.77,462.77,0.0,Accurate fee verified against R8.,"Compliant transaction of Rs 51,418.83. Billed fee matches statutory rate schedule."
TXN_000471,2026-08-22 04:26:34,40273.37,Card,Mastercard_credit,433333.0,corporate,5045,B2B wholesale,True,True,True,0.02,805.47,144.98,above_20L,clean,Flagged_For_Review,R9,805.47,805.47,0.0,Market credit card rate applied; requires bilateral MSA contract review.,"Credit card transaction of Rs 40,273.37 billed at flat market rate (Rs 805.47). Unverified against statutory caps; requires L2/L3 metadata or IC+ rate schedule."
TXN_000472,2026-08-20 21:44:04,43847.31,Card,RuPay_debit,522222.0,premium_rewards,5045,B2B wholesale,True,True,True,0.02,0.0,0.0,above_20L,clean,Matched,R2,0.0,0.0,0.0,Accurate fee verified against R2.,"Compliant transaction of Rs 43,847.31. Billed fee matches statutory rate schedule."
TXN_000473,2026-08-29 21:17:49,2015.47,UPI,RuPay_credit_UPI,533333.0,corporate,5045,B2B wholesale,True,True,False,0.02,30.23,5.44,above_20L,clean,Matched,R4,30.23,30.23,0.0,Accurate fee verified against R4.,"Compliant transaction of Rs 2,015.47. Billed fee matches statutory rate schedule."
TXN_000474,2026-08-22 18:47:25,2033.82,UPI,bank_UPI,,,5045,B2B wholesale,True,True,False,0.02,0.0,0.0,above_20L,clean,Matched,R1,0.0,0.0,0.0,Accurate fee verified against R1.,"Compliant transaction of Rs 2,033.82. Billed fee matches statutory rate schedule."
TXN_000475,2026-08-18 05:33:15,2033.98,UPI,bank_UPI,,,5045,B2B wholesale,True,True,False,0.02,0.0,0.0,above_20L,clean,Matched,R1,0.0,0.0,0.0,Accurate fee verified against R1.,"Compliant transaction of Rs 2,033.98. Billed fee matches statutory rate schedule."
TXN_000476,2026-08-18 02:44:15,2012.45,UPI,bank_UPI,,,5045,B2B wholesale,True,True,False,0.02,0.0,0.0,above_20L,clean,Matched,R1,0.0,0.0,0.0,Accurate fee verified against R1.,"Compliant transaction of Rs 2,012.45. Billed fee matches statutory rate schedule."
TXN_000477,2026-08-16 17:26:35,2029.98,UPI,bank_UPI,,,5045,B2B wholesale,True,True,False,0.02,0.0,0.0,above_20L,clean,Matched,R1,0.0,0.0,0.0,Accurate fee verified against R1.,"Compliant transaction of Rs 2,029.98. Billed fee matches statutory rate schedule."
TXN_000478,2026-08-18 18:33:48,14959.95,UPI,bank_UPI,,,5411,B2B wholesale,True,True,True,0.02,0.0,0.0,above_20L,R12_mcc_misclassification,Matched,R1,0.0,0.0,0.0,Accurate fee verified against R1.,"Compliant transaction of Rs 14,959.95. Billed fee matches statutory rate schedule."
TXN_000479,2026-08-18 12:55:14,42972.36,UPI,bank_UPI,,,5045,B2B wholesale,True,True,True,0.02,0.0,0.0,above_20L,clean,Matched,R1,0.0,0.0,0.0,Accurate fee verified against R1.,"Compliant transaction of Rs 42,972.36. Billed fee matches statutory rate schedule."
TXN_000480,2026-08-28 06:58:08,3331.38,UPI,bank_UPI,,,5411,B2B wholesale,True,True,False,0.02,0.0,0.0,above_20L,R12_mcc_misclassification,Matched,R1,0.0,0.0,0.0,Accurate fee verified against R1.,"Compliant transaction of Rs 3,331.38. Billed fee matches statutory rate schedule."
TXN_000481,2026-08-20 16:54:53,5840.63,Card,Visa_credit,607222.0,corporate,5045,B2B wholesale,False,False,False,0.02,163.54,29.44,above_20L,R10_l2_l3_downgrade,Matched,R10,163.54,163.54,0.0,Accurate fee verified against R10.,"Compliant transaction of Rs 5,840.63. Billed fee matches statutory rate schedule."
TXN_000482,2026-08-26 20:24:53,2006.04,UPI,bank_UPI,,,5045,B2B wholesale,True,True,False,0.02,0.0,0.0,above_20L,clean,Matched,R1,0.0,0.0,0.0,Accurate fee verified against R1.,"Compliant transaction of Rs 2,006.04. Billed fee matches statutory rate schedule."
TXN_000483,2026-08-23 09:31:30,5554.25,UPI,bank_UPI,,,5045,B2B wholesale,True,True,False,0.02,0.0,0.0,above_20L,clean,Matched,R1,0.0,0.0,0.0,Accurate fee verified against R1.,"Compliant transaction of Rs 5,554.25. Billed fee matches statutory rate schedule."
TXN_000484,2026-08-19 23:11:04,2024.91,UPI,,,,5045,B2B wholesale,True,True,False,0.02,22.27,4.01,above_20L,exception_missing_tag,Exception,NONE,,22.27,,Missing sub_instrument routing tag; cannot verify applicable statutory MDR.,"Missing sub-instrument routing metadata for transaction of Rs 2,024.91. Fee cannot be verified against statutory caps until gateway provides complete instrument tags."
TXN_000485,2026-08-17 06:44:11,25556.82,UPI,PPI_wallet_UPI,,,5045,B2B wholesale,True,True,True,0.02,281.13,50.6,above_20L,clean,Matched,R6c,281.13,281.13,0.0,Accurate fee verified against R6c.,"Compliant transaction of Rs 25,556.82. Billed fee matches statutory rate schedule."
TXN_000486,2026-08-21 14:27:25,19282.25,Card,Visa_credit,411111.0,basic,5045,B2B wholesale,True,True,True,0.02,385.64,69.42,above_20L,clean,Flagged_For_Review,R9,385.64,385.64,0.0,Market credit card rate applied; requires bilateral MSA contract review.,"Credit card transaction of Rs 19,282.25 billed at flat market rate (Rs 385.64). Unverified against statutory caps; requires L2/L3 metadata or IC+ rate schedule."
TXN_000487,2026-08-24 14:26:54,41875.39,UPI,bank_UPI,,,5045,B2B wholesale,True,True,True,0.02,0.0,0.0,above_20L,clean,Matched,R1,0.0,0.0,0.0,Accurate fee verified against R1.,"Compliant transaction of Rs 41,875.39. Billed fee matches statutory rate schedule."
TXN_000488,2026-08-30 08:23:27,12474.85,Card,Debit_non_rupay,,,5045,B2B wholesale,True,True,True,0.02,112.27,20.21,above_20L,clean,Matched,R8,112.27,112.27,0.0,Accurate fee verified against R8.,"Compliant transaction of Rs 12,474.85. Billed fee matches statutory rate schedule."
TXN_000489,2026-08-25 11:09:05,2034.79,UPI,bank_UPI,,,5045,B2B wholesale,True,True,False,0.02,0.0,0.0,above_20L,clean,Matched,R1,0.0,0.0,0.0,Accurate fee verified against R1.,"Compliant transaction of Rs 2,034.79. Billed fee matches statutory rate schedule."
TXN_000490,2026-08-20 14:29:38,28132.49,UPI,,,,5045,B2B wholesale,True,True,True,0.02,0.0,0.0,above_20L,exception_missing_tag,Exception,NONE,,0.0,,Missing sub_instrument routing tag; cannot verify applicable statutory MDR.,"Missing sub-instrument routing metadata for transaction of Rs 28,132.49. Fee cannot be verified against statutory caps until gateway provides complete instrument tags."
TXN_000491,2026-08-28 10:15:18,25747.55,Card,Visa_credit,433333.0,corporate,5411,B2B wholesale,True,True,True,0.02,514.95,92.69,above_20L,R12_mcc_misclassification,Flagged_For_Review,R9,514.95,514.95,0.0,Market credit card rate applied; requires bilateral MSA contract review.,"Credit card transaction of Rs 25,747.55 billed at flat market rate (Rs 514.95). Unverified against statutory caps; requires L2/L3 metadata or IC+ rate schedule."
TXN_000492,2026-08-29 17:18:35,2000.02,UPI,bank_UPI,,,5045,B2B wholesale,True,True,False,0.02,0.0,0.0,above_20L,clean,Matched,R1,0.0,0.0,0.0,Accurate fee verified against R1.,"Compliant transaction of Rs 2,000.02. Billed fee matches statutory rate schedule."
TXN_000493,2026-08-24 12:04:39,31162.13,UPI,bank_UPI,,,5045,B2B wholesale,True,True,True,0.02,0.0,0.0,above_20L,clean,Matched,R1,0.0,0.0,0.0,Accurate fee verified against R1.,"Compliant transaction of Rs 31,162.13. Billed fee matches statutory rate schedule."
TXN_000494,2026-08-24 12:26:21,2025.69,UPI,bank_UPI,,,5045,B2B wholesale,True,True,False,0.02,0.0,0.0,above_20L,clean,Matched,R1,0.0,0.0,0.0,Accurate fee verified against R1.,"Compliant transaction of Rs 2,025.69. Billed fee matches statutory rate schedule."
TXN_000495,2026-08-25 11:55:30,2008.56,UPI,bank_UPI,,,5411,B2B wholesale,True,True,False,0.02,0.0,0.0,above_20L,R12_mcc_misclassification,Matched,R1,0.0,0.0,0.0,Accurate fee verified against R1.,"Compliant transaction of Rs 2,008.56. Billed fee matches statutory rate schedule."
TXN_000496,2026-08-20 03:56:57,2029.22,UPI,bank_UPI,,,5045,B2B wholesale,True,True,False,0.02,0.0,0.0,above_20L,clean,Matched,R1,0.0,0.0,0.0,Accurate fee verified against R1.,"Compliant transaction of Rs 2,029.22. Billed fee matches statutory rate schedule."
TXN_000497,2026-08-28 12:07:55,52964.11,Card,Mastercard_credit,422222.0,premium_rewards,5045,B2B wholesale,True,True,True,0.02,1059.28,190.67,above_20L,clean,Flagged_For_Review,R9,1059.28,1059.28,0.0,Market credit card rate applied; requires bilateral MSA contract review.,"Credit card transaction of Rs 52,964.11 billed at flat market rate (Rs 1,059.28). Unverified against statutory caps; requires L2/L3 metadata or IC+ rate schedule."
TXN_000498,2026-08-22 15:35:52,2033.38,UPI,bank_UPI,,,5045,B2B wholesale,True,True,False,0.02,0.0,0.0,above_20L,clean,Matched,R1,0.0,0.0,0.0,Accurate fee verified against R1.,"Compliant transaction of Rs 2,033.38. Billed fee matches statutory rate schedule."
TXN_000499,2026-08-18 09:55:25,32599.33,Card,RuPay_debit,607111.0,basic,5045,B2B wholesale,True,True,True,0.02,0.0,0.0,above_20L,clean,Matched,R2,0.0,0.0,0.0,Accurate fee verified against R2.,"Compliant transaction of Rs 32,599.33. Billed fee matches statutory rate schedule."
TXN_000500,2026-08-28 15:51:50,2027.92,UPI,bank_UPI,,,5045,B2B wholesale,True,True,False,0.02,0.0,0.0,above_20L,clean,Matched,R1,0.0,0.0,0.0,Accurate fee verified against R1.,"Compliant transaction of Rs 2,027.92. Billed fee matches statutory rate schedule."
